{"stats":{"minecraft:killed":{"minecraft:sheep":3,"minecraft:cow":3},"minecraft:crafted":{"minecraft:oak_planks":32,"minecraft:crafting_table":1,"minecraft:wooden_pickaxe":1,"minecraft:bread":27,"minecraft:jungle_planks":20,"minecraft:wheat":144},"minecraft:custom":{"minecraft:time_since_rest":21704,"minecraft:sprint_one_cm":158264,"minecraft:damage_taken":660,"minecraft:walk_one_cm":131407,"minecraft:mob_kills":6,"minecraft:damage_dealt":540,"minecraft:swim_one_cm":72508,"minecraft:interact_with_crafting_table":2,"minecraft:talked_to_villager":2,"minecraft:fly_one_cm":236077,"minecraft:open_chest":3,"minecraft:play_time":36194,"minecraft:deaths":1,"minecraft:walk_under_water_one_cm":3075,"minecraft:jump":624,"minecraft:leave_game":4,"minecraft:time_since_death":21656,"minecraft:walk_on_water_one_cm":14074,"minecraft:total_world_time":36194,"minecraft:climb_one_cm":2089,"minecraft:fall_one_cm":18733},"minecraft:picked_up":{"minecraft:coarse_dirt":1,"minecraft:stick":2,"minecraft:crafting_table":2,"minecraft:jungle_log":8,"minecraft:leather":3,"minecraft:sand":1,"minecraft:jungle_planks":1,"minecraft:oak_log":16,"minecraft:brewing_stand":1,"minecraft:carrot":6,"minecraft:dirt":7,"artifacts:everlasting_beef":1,"minecraft:oak_wood":8,"minecraft:rotten_flesh":3,"minecraft:wheat_seeds":1,"minecraft:hay_block":16,"minecraft:beef":7,"minecraft:jungle_sapling":1,"minecraft:melon_slice":24,"minecraft:mutton":5,"minecraft:white_wool":3},"minecraft:mined":{"minecraft:hay_block":16,"minecraft:coarse_dirt":1,"minecraft:fire":3,"minecraft:wheat":2,"farmersdelight:wild_carrots":6,"minecraft:jungle_leaves":2,"minecraft:brewing_stand":1,"minecraft:crafting_table":2,"minecraft:grass":6,"minecraft:oak_wood":9,"minecraft:grass_block":3,"minecraft:oak_log":16,"minecraft:melon":6,"minecraft:jungle_planks":1,"minecraft:jungle_log":8,"minecraft:sand":1,"minecraft:dirt":4,"minecraft:tall_grass":2,"minecraft:oak_leaves":5,"minecraft:fern":1},"minecraft:killed_by":{"alexsmobs:skelewag":1},"minecraft:used":{"minecraft:melon_slice":24,"minecraft:bread":4,"minecraft:wooden_pickaxe":3,"minecraft:stone_axe":46,"minecraft:dirt":4,"minecraft:crafting_table":2,"minecraft:jungle_planks":20}},"DataVersion":3465}