{"stats":{"minecraft:picked_up":{"minecraft:stick":2,"minecraft:wheat_seeds":4,"doggytalents:rice_grains":2},"minecraft:custom":{"minecraft:time_since_rest":344,"minecraft:crouch_one_cm":542,"minecraft:play_time":4576,"minecraft:sprint_one_cm":43345,"minecraft:walk_one_cm":32286,"minecraft:damage_taken":505,"minecraft:deaths":2,"minecraft:sneak_time":133,"minecraft:walk_under_water_one_cm":978,"minecraft:jump":114,"minecraft:damage_dealt":10,"minecraft:leave_game":1,"minecraft:time_since_death":273,"minecraft:walk_on_water_one_cm":5397,"minecraft:total_world_time":4576,"minecraft:fly_one_cm":41039,"minecraft:fall_one_cm":4240},"minecraft:killed_by":{"minecraft:zombie":1,"alexsmobs:grizzly_bear":1},"minecraft:mined":{"minecraft:large_fern":4,"minecraft:grass":9,"minecraft:dark_oak_leaves":4,"minecraft:fern":2}},"DataVersion":3465}