{"stats":{"minecraft:killed":{"minecraft:sheep":3,"minecraft:cow":3},"minecraft:crafted":{"minecraft:oak_planks":32,"travelersbackpack:white_sleeping_bag":1,"minecraft:crafting_table":1,"minecraft:wooden_pickaxe":1,"minecraft:bread":27,"minecraft:jungle_planks":20,"minecraft:wheat":144},"minecraft:custom":{"minecraft:time_since_rest":7079,"minecraft:sprint_one_cm":249038,"minecraft:damage_taken":820,"minecraft:walk_one_cm":183212,"minecraft:mob_kills":6,"minecraft:damage_dealt":626,"minecraft:swim_one_cm":72508,"minecraft:interact_with_crafting_table":3,"minecraft:talked_to_villager":2,"minecraft:fly_one_cm":409543,"minecraft:open_chest":8,"minecraft:play_time":44549,"minecraft:deaths":1,"minecraft:walk_under_water_one_cm":3075,"minecraft:jump":1017,"minecraft:leave_game":5,"minecraft:time_since_death":30011,"minecraft:walk_on_water_one_cm":14074,"minecraft:sleep_in_bed":1,"minecraft:total_world_time":44549,"minecraft:climb_one_cm":3197,"minecraft:fall_one_cm":29328},"minecraft:picked_up":{"minecraft:coarse_dirt":1,"minecraft:stick":3,"minecraft:crafting_table":3,"minecraft:jungle_log":8,"minecraft:leather":3,"minecraft:sand":1,"minecraft:jungle_planks":1,"minecraft:oak_log":16,"minecraft:brewing_stand":1,"minecraft:carrot":6,"minecraft:dirt":7,"travelersbackpack:white_sleeping_bag":1,"artifacts:everlasting_beef":1,"minecraft:oak_wood":8,"minecraft:bone":1,"minecraft:rotten_flesh":3,"minecraft:wheat_seeds":1,"minecraft:hay_block":16,"minecraft:beef":7,"minecraft:jungle_sapling":2,"minecraft:melon_slice":86,"minecraft:mutton":5,"minecraft:white_wool":3},"minecraft:mined":{"minecraft:hay_block":16,"minecraft:coarse_dirt":1,"minecraft:fire":3,"minecraft:wheat":2,"farmersdelight:wild_carrots":6,"minecraft:jungle_leaves":2,"minecraft:brewing_stand":1,"minecraft:crafting_table":3,"minecraft:grass":8,"minecraft:oak_wood":9,"minecraft:grass_block":3,"minecraft:oak_log":16,"minecraft:melon":19,"minecraft:jungle_planks":1,"minecraft:jungle_log":8,"minecraft:sand":2,"minecraft:dirt":4,"travelersbackpack:white_sleeping_bag":1,"minecraft:tall_grass":2,"minecraft:oak_leaves":5,"minecraft:fern":3},"minecraft:killed_by":{"alexsmobs:skelewag":1},"minecraft:used":{"minecraft:suspicious_stew":1,"minecraft:melon_slice":24,"minecraft:bread":10,"travelersbackpack:white_sleeping_bag":1,"minecraft:wooden_pickaxe":3,"minecraft:stone_axe":66,"minecraft:dirt":4,"minecraft:crafting_table":3,"minecraft:jungle_planks":20}},"DataVersion":3465}