{"stats":{"minecraft:picked_up":{"minecraft:stick":2,"minecraft:wheat_seeds":4,"doggytalents:rice_grains":2,"minecraft:dark_oak_log":8},"minecraft:mined":{"minecraft:large_fern":4,"minecraft:grass":9,"minecraft:dark_oak_leaves":4,"minecraft:dark_oak_log":8,"minecraft:fern":2},"minecraft:killed_by":{"minecraft:zombie":1,"alexsmobs:grizzly_bear":1},"minecraft:custom":{"minecraft:time_since_rest":1535,"minecraft:crouch_one_cm":542,"minecraft:sprint_one_cm":44004,"minecraft:play_time":5767,"minecraft:damage_taken":505,"minecraft:deaths":2,"minecraft:walk_one_cm":34901,"minecraft:sneak_time":133,"minecraft:walk_under_water_one_cm":978,"minecraft:jump":123,"minecraft:damage_dealt":10,"minecraft:leave_game":2,"minecraft:walk_on_water_one_cm":5397,"minecraft:time_since_death":1464,"minecraft:total_world_time":5767,"minecraft:fall_one_cm":4509,"minecraft:fly_one_cm":42646}},"DataVersion":3465}