{"stats":{"minecraft:crafted":{"minecraft:crafting_table":1,"minecraft:stick":8,"minecraft:wooden_pickaxe":1,"minecraft:stone_pickaxe":1,"minecraft:birch_planks":48,"minecraft:stone_axe":1},"minecraft:picked_up":{"minecraft:birch_log":24,"minecraft:crafting_table":1,"minecraft:stick":2,"minecraft:leather":2,"doggytalents:rice_grains":2,"minecraft:porkchop":5,"minecraft:dark_oak_log":11,"minecraft:dirt":19,"minecraft:arrow":2,"minecraft:bone":4,"minecraft:bow":2,"minecraft:wheat_seeds":4,"minecraft:beef":3,"minecraft:oak_sapling":1,"minecraft:black_wool":1,"minecraft:mutton":4,"minecraft:birch_sapling":1,"minecraft:coal":35,"minecraft:white_wool":1,"minecraft:cobblestone":26},"minecraft:mined":{"minecraft:large_fern":4,"minecraft:dark_oak_leaves":28,"minecraft:birch_log":24,"minecraft:dark_oak_log":11,"minecraft:birch_leaves":6,"minecraft:crafting_table":1,"minecraft:grass":9,"minecraft:grass_block":1,"minecraft:coal_ore":35,"minecraft:stone":26,"minecraft:oak_leaves":17,"minecraft:fern":2},"minecraft:used":{"minecraft:stone_pickaxe":27,"minecraft:wooden_pickaxe":35,"minecraft:stone_axe":32,"minecraft:dirt":3,"minecraft:crafting_table":1,"minecraft:porkchop":3,"minecraft:birch_log":3},"minecraft:killed":{"minecraft:sheep":2,"minecraft:skeleton":2,"minecraft:pig":4,"minecraft:cow":1},"minecraft:killed_by":{"creeperoverhaul:dark_oak_creeper":1,"minecraft:zombie":1,"alexsmobs:grizzly_bear":1},"minecraft:custom":{"minecraft:time_since_rest":12659,"minecraft:sprint_one_cm":102638,"minecraft:damage_taken":980,"minecraft:walk_one_cm":166057,"minecraft:mob_kills":9,"minecraft:damage_dealt":976,"minecraft:swim_one_cm":2764,"minecraft:interact_with_crafting_table":3,"minecraft:fly_one_cm":69515,"minecraft:crouch_one_cm":988,"minecraft:play_time":18542,"minecraft:deaths":3,"minecraft:sneak_time":197,"minecraft:walk_under_water_one_cm":1493,"minecraft:jump":329,"minecraft:leave_game":2,"minecraft:time_since_death":12458,"minecraft:walk_on_water_one_cm":6461,"minecraft:total_world_time":18542,"minecraft:fall_one_cm":7783}},"DataVersion":3465}