{"stats":{"minecraft:mined":{"minecraft:hay_block":16,"minecraft:coarse_dirt":1,"farmersdelight:wild_carrots":6,"minecraft:jungle_leaves":2,"minecraft:grass":5,"minecraft:oak_wood":9,"minecraft:grass_block":3,"minecraft:oak_log":16,"minecraft:melon":6,"minecraft:jungle_planks":1,"minecraft:jungle_log":8,"minecraft:sand":1,"minecraft:dirt":4,"minecraft:tall_grass":2,"minecraft:oak_leaves":5,"minecraft:fern":1},"minecraft:custom":{"minecraft:time_since_rest":15604,"minecraft:sprint_one_cm":123496,"minecraft:damage_taken":550,"minecraft:walk_one_cm":93752,"minecraft:mob_kills":6,"minecraft:damage_dealt":540,"minecraft:swim_one_cm":69561,"minecraft:talked_to_villager":2,"minecraft:fly_one_cm":157808,"minecraft:open_chest":1,"minecraft:play_time":30094,"minecraft:deaths":1,"minecraft:walk_under_water_one_cm":3022,"minecraft:jump":450,"minecraft:leave_game":2,"minecraft:walk_on_water_one_cm":13323,"minecraft:time_since_death":15556,"minecraft:climb_one_cm":2089,"minecraft:total_world_time":30094,"minecraft:fall_one_cm":10081},"minecraft:picked_up":{"minecraft:stick":2,"minecraft:coarse_dirt":1,"minecraft:jungle_log":8,"minecraft:leather":3,"minecraft:jungle_planks":1,"minecraft:sand":1,"minecraft:oak_log":16,"minecraft:carrot":6,"minecraft:dirt":7,"artifacts:everlasting_beef":1,"minecraft:oak_wood":8,"minecraft:rotten_flesh":3,"minecraft:hay_block":16,"minecraft:beef":7,"minecraft:jungle_sapling":1,"minecraft:melon_slice":24,"minecraft:mutton":5,"minecraft:white_wool":3},"minecraft:used":{"minecraft:melon_slice":22,"minecraft:stone_axe":44,"minecraft:dirt":4,"minecraft:jungle_planks":20},"minecraft:killed":{"minecraft:sheep":3,"minecraft:cow":3},"minecraft:killed_by":{"alexsmobs:skelewag":1},"minecraft:crafted":{"minecraft:jungle_planks":20}},"DataVersion":3465}