{"stats":{"minecraft:crafted":{"minecraft:crafting_table":1,"minecraft:stick":4,"minecraft:wooden_pickaxe":1,"minecraft:birch_planks":48,"minecraft:stone_axe":1},"minecraft:picked_up":{"minecraft:birch_log":24,"minecraft:stick":2,"doggytalents:rice_grains":2,"minecraft:porkchop":5,"minecraft:dark_oak_log":11,"minecraft:dirt":19,"minecraft:arrow":2,"minecraft:bone":4,"minecraft:bow":2,"minecraft:wheat_seeds":4,"minecraft:oak_sapling":1,"minecraft:birch_sapling":1,"minecraft:cobblestone":23},"minecraft:mined":{"minecraft:large_fern":4,"minecraft:dark_oak_leaves":20,"minecraft:birch_log":24,"minecraft:dark_oak_log":11,"minecraft:birch_leaves":6,"minecraft:grass":9,"minecraft:grass_block":1,"minecraft:stone":23,"minecraft:oak_leaves":17,"minecraft:fern":2},"minecraft:used":{"minecraft:wooden_pickaxe":24,"minecraft:stone_axe":27,"minecraft:porkchop":3,"minecraft:birch_log":3},"minecraft:killed":{"minecraft:skeleton":2,"minecraft:pig":4},"minecraft:killed_by":{"creeperoverhaul:dark_oak_creeper":1,"minecraft:zombie":1,"alexsmobs:grizzly_bear":1},"minecraft:custom":{"minecraft:time_since_rest":6659,"minecraft:sprint_one_cm":73573,"minecraft:damage_taken":920,"minecraft:walk_one_cm":84561,"minecraft:mob_kills":6,"minecraft:damage_dealt":716,"minecraft:interact_with_crafting_table":2,"minecraft:fly_one_cm":57150,"minecraft:crouch_one_cm":988,"minecraft:play_time":12542,"minecraft:deaths":3,"minecraft:sneak_time":197,"minecraft:walk_under_water_one_cm":978,"minecraft:jump":209,"minecraft:leave_game":2,"minecraft:time_since_death":6458,"minecraft:walk_on_water_one_cm":5397,"minecraft:total_world_time":12542,"minecraft:fall_one_cm":5136}},"DataVersion":3465}