{"stats":{"minecraft:killed":{"minecraft:sheep":3,"minecraft:cow":3},"minecraft:crafted":{"minecraft:oak_planks":32,"minecraft:crafting_table":1,"minecraft:wooden_pickaxe":1,"minecraft:bread":27,"minecraft:jungle_planks":20,"minecraft:wheat":144},"minecraft:custom":{"minecraft:time_since_rest":20399,"minecraft:sprint_one_cm":155819,"minecraft:damage_taken":550,"minecraft:walk_one_cm":124499,"minecraft:mob_kills":6,"minecraft:damage_dealt":540,"minecraft:interact_with_crafting_table":2,"minecraft:swim_one_cm":69561,"minecraft:talked_to_villager":2,"minecraft:fly_one_cm":228808,"minecraft:open_chest":3,"minecraft:play_time":34889,"minecraft:deaths":1,"minecraft:walk_under_water_one_cm":3022,"minecraft:jump":606,"minecraft:leave_game":3,"minecraft:time_since_death":20351,"minecraft:walk_on_water_one_cm":13323,"minecraft:total_world_time":34889,"minecraft:climb_one_cm":2089,"minecraft:fall_one_cm":15573},"minecraft:picked_up":{"minecraft:crafting_table":2,"minecraft:stick":2,"minecraft:coarse_dirt":1,"minecraft:jungle_log":8,"minecraft:leather":3,"minecraft:jungle_planks":1,"minecraft:sand":1,"minecraft:oak_log":16,"minecraft:brewing_stand":1,"minecraft:carrot":6,"minecraft:dirt":7,"artifacts:everlasting_beef":1,"minecraft:oak_wood":8,"minecraft:rotten_flesh":3,"minecraft:wheat_seeds":1,"minecraft:hay_block":16,"minecraft:beef":7,"minecraft:jungle_sapling":1,"minecraft:melon_slice":24,"minecraft:mutton":5,"minecraft:white_wool":3},"minecraft:mined":{"minecraft:hay_block":16,"minecraft:coarse_dirt":1,"minecraft:wheat":2,"minecraft:fire":3,"farmersdelight:wild_carrots":6,"minecraft:jungle_leaves":2,"minecraft:brewing_stand":1,"minecraft:crafting_table":2,"minecraft:grass":6,"minecraft:oak_wood":9,"minecraft:grass_block":3,"minecraft:oak_log":16,"minecraft:melon":6,"minecraft:jungle_planks":1,"minecraft:jungle_log":8,"minecraft:sand":1,"minecraft:dirt":4,"minecraft:tall_grass":2,"minecraft:oak_leaves":5,"minecraft:fern":1},"minecraft:killed_by":{"alexsmobs:skelewag":1},"minecraft:used":{"minecraft:bread":2,"minecraft:melon_slice":24,"minecraft:wooden_pickaxe":3,"minecraft:stone_axe":46,"minecraft:dirt":4,"minecraft:crafting_table":2,"minecraft:jungle_planks":20}},"DataVersion":3465}