{"stats":{"minecraft:dropped":{"minecraft:birch_sapling":1},"minecraft:crafted":{"minecraft:cooked_beef":3,"minecraft:crafting_table":1,"minecraft:wooden_pickaxe":1,"minecraft:furnace":1,"minecraft:birch_planks":48,"minecraft:stone_axe":1,"minecraft:cooked_mutton":4,"minecraft:air":0,"minecraft:iron_axe":1,"minecraft:stick":16,"minecraft:stone_pickaxe":1,"minecraft:stone_sword":1,"minecraft:torch":44},"minecraft:picked_up":{"minecraft:birch_log":33,"minecraft:crafting_table":5,"minecraft:leather":8,"minecraft:brown_mushroom":1,"minecraft:wooden_pickaxe":1,"minecraft:brown_bed":2,"minecraft:birch_planks":37,"doggytalents:rice_grains":3,"minecraft:dirt":34,"minecraft:string":13,"minecraft:iron_shovel":1,"minecraft:bone":8,"minecraft:bow":4,"minecraft:wheat_seeds":4,"minecraft:iron_ingot":3,"minecraft:beef":5,"minecraft:stone_pickaxe":1,"minecraft:birch_sapling":3,"minecraft:furnace":2,"minecraft:book":5,"minecraft:stick":11,"minecraft:sweet_berries":20,"minecraft:porkchop":7,"minecraft:redstone":2,"minecraft:dark_oak_log":30,"minecraft:dark_oak_planks":6,"minecraft:stone_sword":1,"minecraft:arrow":4,"minecraft:sugar":2,"minecraft:stone_axe":1,"minecraft:honey_block":3,"minecraft:oak_sapling":2,"minecraft:black_wool":2,"minecraft:mutton":4,"minecraft:coal":35,"minecraft:white_wool":2,"minecraft:cobblestone":36},"minecraft:mined":{"minecraft:dark_oak_planks":1,"minecraft:brown_mushroom":1,"minecraft:dark_oak_leaves":28,"minecraft:dark_oak_log":19,"minecraft:crafting_table":4,"minecraft:honey_block":2,"minecraft:grass_block":1,"minecraft:large_fern":4,"minecraft:furnace":2,"minecraft:birch_log":24,"minecraft:sweet_berry_bush":9,"minecraft:birch_leaves":9,"minecraft:brown_bed":2,"minecraft:grass":10,"minecraft:coal_ore":35,"minecraft:dirt":6,"minecraft:cobweb":7,"minecraft:red_mushroom_block":1,"minecraft:stone":26,"minecraft:oak_leaves":17,"minecraft:fern":2},"minecraft:used":{"minecraft:cooked_mutton":4,"minecraft:stone_sword":32,"minecraft:stone_pickaxe":29,"minecraft:leather_chestplate":1,"minecraft:wooden_pickaxe":35,"minecraft:torch":2,"minecraft:dirt":25,"minecraft:crafting_table":4,"minecraft:dark_oak_planks":5,"minecraft:honey_block":2,"minecraft:iron_axe":15,"minecraft:stone_axe":53,"minecraft:sweet_berries":34,"minecraft:furnace":2,"minecraft:porkchop":3,"minecraft:birch_log":3,"minecraft:cooked_beef":3},"minecraft:killed":{"minecraft:pig":4,"minecraft:witch":3,"minecraft:sheep":2,"minecraft:skeleton":2,"minecraft:cow":3},"minecraft:killed_by":{"creeperoverhaul:dark_oak_creeper":1,"minecraft:witch":2,"minecraft:zombie":1,"alexsmobs:grizzly_bear":1},"minecraft:custom":{"minecraft:interact_with_furnace":8,"minecraft:mob_kills":14,"minecraft:interact_with_crafting_table":8,"minecraft:open_barrel":5,"minecraft:leave_game":3,"minecraft:time_since_death":1839,"minecraft:climb_one_cm":852,"minecraft:time_since_rest":1901,"minecraft:sprint_one_cm":191194,"minecraft:damage_taken":2285,"minecraft:walk_one_cm":257717,"minecraft:drop":1,"minecraft:damage_dealt":2796,"minecraft:swim_one_cm":42933,"minecraft:fly_one_cm":128491,"minecraft:open_chest":1,"minecraft:crouch_one_cm":1053,"minecraft:play_time":32646,"minecraft:deaths":5,"minecraft:sneak_time":232,"minecraft:walk_under_water_one_cm":2016,"minecraft:interact_with_brewingstand":1,"minecraft:jump":587,"minecraft:walk_on_water_one_cm":14284,"minecraft:total_world_time":32646,"minecraft:fall_one_cm":13829}},"DataVersion":3465}