{"stats":{"minecraft:mined":{"minecraft:grass":1},"minecraft:custom":{"minecraft:jump":42,"minecraft:time_since_rest":4115,"minecraft:leave_game":1,"minecraft:crouch_one_cm":161,"minecraft:damage_taken":55,"minecraft:sprint_one_cm":32307,"minecraft:play_time":4115,"minecraft:walk_on_water_one_cm":2510,"minecraft:time_since_death":4115,"minecraft:walk_one_cm":25320,"minecraft:sneak_time":11,"minecraft:total_world_time":4115,"minecraft:walk_under_water_one_cm":256,"minecraft:swim_one_cm":21039,"minecraft:fall_one_cm":209,"minecraft:fly_one_cm":18790}},"DataVersion":3465}