{"stats":{"minecraft:dropped":{"minecraft:leather":2},"minecraft:crafted":{"minecraft:cooked_beef":12,"minecraft:oak_planks":56,"minecraft:crafting_table":2,"minecraft:stick":24,"minecraft:spruce_planks":4,"minecraft:iron_pickaxe":1,"minecraft:iron_ingot":5,"minecraft:wooden_pickaxe":1,"minecraft:stone_pickaxe":1,"minecraft:furnace":2,"minecraft:birch_planks":12,"minecraft:torch":32,"minecraft:stone_axe":2,"minecraft:air":0},"minecraft:mined":{"minecraft:furnace":1,"minecraft:dark_oak_leaves":1,"minecraft:birch_log":3,"minecraft:iron_ore":5,"minecraft:birch_leaves":1,"minecraft:crafting_table":2,"minecraft:grass":1,"minecraft:grass_block":2,"minecraft:coal_ore":40,"minecraft:oak_log":14,"minecraft:brown_mushroom_block":1,"minecraft:stone":31,"minecraft:oak_leaves":3},"minecraft:picked_up":{"minecraft:birch_log":3,"minecraft:crafting_table":2,"minecraft:stick":2,"minecraft:raw_iron":5,"minecraft:feather":1,"minecraft:cooked_beef":4,"minecraft:chicken":1,"ecologics:coconut_slice":2,"minecraft:leather":6,"minecraft:wooden_pickaxe":1,"minecraft:birch_planks":1,"tide:fishing_journal":1,"minecraft:porkchop":10,"minecraft:oak_log":20,"minecraft:spruce_log":1,"minecraft:gunpowder":1,"alexsmobs:animal_dictionary":1,"minecraft:dirt":3,"minecraft:beef":12,"minecraft:stone_pickaxe":1,"minecraft:mutton":1,"minecraft:coal":40,"minecraft:furnace":1,"minecraft:white_wool":1,"minecraft:cobblestone":30,"minecraft:egg":1},"minecraft:used":{"minecraft:iron_pickaxe":1,"minecraft:stone_pickaxe":74,"minecraft:oak_planks":28,"minecraft:wooden_pickaxe":9,"minecraft:torch":5,"minecraft:stone_axe":41,"minecraft:crafting_table":4,"minecraft:furnace":2,"minecraft:cooked_beef":6},"minecraft:killed":{"minecraft:sheep":1,"minecraft:pig":3,"minecraft:chicken":1,"creeperoverhaul:spruce_creeper":1,"minecraft:cow":6},"minecraft:killed_by":{"minecraft:creeper":1},"minecraft:custom":{"minecraft:time_since_rest":21583,"minecraft:interact_with_smithing_table":1,"minecraft:interact_with_furnace":10,"minecraft:damage_taken":390,"minecraft:sprint_one_cm":213215,"minecraft:walk_one_cm":164294,"minecraft:mob_kills":12,"minecraft:drop":2,"minecraft:damage_dealt":1291,"minecraft:swim_one_cm":2366,"minecraft:interact_with_crafting_table":9,"minecraft:fly_one_cm":287121,"minecraft:crouch_one_cm":9010,"minecraft:play_time":25275,"minecraft:deaths":1,"minecraft:sneak_time":1610,"minecraft:walk_under_water_one_cm":404,"minecraft:jump":841,"minecraft:leave_game":5,"minecraft:time_since_death":21553,"minecraft:walk_on_water_one_cm":938,"minecraft:total_world_time":25275,"minecraft:fall_one_cm":22958}},"DataVersion":3465}