{"stats":{"minecraft:dropped":{"minecraft:leather":2},"minecraft:crafted":{"minecraft:oak_planks":56,"minecraft:crafting_table":2,"minecraft:stick":8,"minecraft:wooden_pickaxe":1,"minecraft:stone_pickaxe":1,"minecraft:birch_planks":12,"minecraft:stone_axe":2},"minecraft:mined":{"minecraft:dark_oak_leaves":1,"minecraft:birch_log":3,"minecraft:iron_ore":5,"minecraft:birch_leaves":1,"minecraft:crafting_table":2,"minecraft:grass":1,"minecraft:oak_log":14,"minecraft:grass_block":2,"minecraft:coal_ore":11,"minecraft:brown_mushroom_block":1,"minecraft:stone":18,"minecraft:oak_leaves":3},"minecraft:picked_up":{"minecraft:birch_log":3,"minecraft:raw_iron":5,"minecraft:stick":2,"minecraft:crafting_table":2,"minecraft:feather":1,"minecraft:cooked_beef":4,"minecraft:chicken":1,"minecraft:leather":6,"minecraft:wooden_pickaxe":1,"minecraft:birch_planks":1,"tide:fishing_journal":1,"minecraft:porkchop":10,"minecraft:oak_log":20,"alexsmobs:animal_dictionary":1,"minecraft:dirt":3,"minecraft:beef":12,"minecraft:stone_pickaxe":1,"minecraft:mutton":1,"minecraft:coal":11,"minecraft:white_wool":1,"minecraft:cobblestone":17,"minecraft:egg":1},"minecraft:used":{"minecraft:stone_pickaxe":32,"minecraft:oak_planks":28,"minecraft:wooden_pickaxe":9,"minecraft:stone_axe":39,"minecraft:crafting_table":3,"minecraft:cooked_beef":4},"minecraft:killed":{"minecraft:sheep":1,"minecraft:pig":3,"minecraft:chicken":1,"minecraft:cow":6},"minecraft:killed_by":{"minecraft:creeper":1},"minecraft:custom":{"minecraft:time_since_rest":13837,"minecraft:interact_with_smithing_table":1,"minecraft:sprint_one_cm":168199,"minecraft:damage_taken":390,"minecraft:walk_one_cm":135354,"minecraft:mob_kills":11,"minecraft:drop":2,"minecraft:damage_dealt":1091,"minecraft:interact_with_crafting_table":6,"minecraft:fly_one_cm":195404,"minecraft:crouch_one_cm":7930,"minecraft:play_time":17529,"minecraft:deaths":1,"minecraft:sneak_time":1080,"minecraft:jump":614,"minecraft:leave_game":2,"minecraft:time_since_death":13807,"minecraft:walk_on_water_one_cm":370,"minecraft:total_world_time":17529,"minecraft:fall_one_cm":15349}},"DataVersion":3465}