{"stats":{"minecraft:dropped":{"minecraft:oak_sapling":1,"minecraft:rotten_flesh":2},"minecraft:killed":{"minecraft:pig":4},"minecraft:crafted":{"minecraft:wooden_sword":1,"minecraft:oak_planks":20,"minecraft:crafting_table":1,"minecraft:stick":4},"minecraft:custom":{"minecraft:time_since_rest":7502,"minecraft:sprint_one_cm":126236,"minecraft:damage_taken":147,"minecraft:walk_one_cm":96636,"minecraft:mob_kills":4,"minecraft:drop":3,"minecraft:damage_dealt":424,"minecraft:swim_one_cm":30969,"minecraft:interact_with_crafting_table":2,"minecraft:fly_one_cm":258334,"minecraft:open_chest":7,"minecraft:play_time":14072,"minecraft:sneak_time":8,"minecraft:walk_under_water_one_cm":1657,"minecraft:jump":592,"minecraft:leave_game":2,"minecraft:time_since_death":14072,"minecraft:walk_on_water_one_cm":5559,"minecraft:sleep_in_bed":1,"minecraft:total_world_time":14072,"minecraft:climb_one_cm":3001,"minecraft:fall_one_cm":15337},"minecraft:picked_up":{"minecraft:dark_oak_sapling":1,"minecraft:crafting_table":1,"minecraft:porkchop":8,"minecraft:oak_log":5,"minecraft:dark_oak_log":2,"minecraft:rotten_flesh":2,"minecraft:oak_sapling":1,"minecraft:black_wool":1,"minecraft:mutton":1},"minecraft:mined":{"minecraft:dark_oak_log":2,"minecraft:crafting_table":1,"minecraft:grass":11,"minecraft:oak_log":5,"minecraft:oak_leaves":7,"minecraft:fern":1},"minecraft:used":{"minecraft:bread":5,"minecraft:oak_planks":7,"minecraft:iron_helmet":1,"minecraft:wooden_sword":27,"minecraft:crafting_table":1,"alexsmobs:animal_dictionary":1}},"DataVersion":3465}