{"stats":{"minecraft:crafted":{"minecraft:oak_planks":20},"minecraft:custom":{"minecraft:time_since_rest":713,"minecraft:open_chest":3,"minecraft:play_time":7283,"minecraft:sprint_one_cm":46943,"minecraft:damage_taken":108,"minecraft:walk_one_cm":58322,"minecraft:sneak_time":8,"minecraft:walk_under_water_one_cm":1657,"minecraft:jump":216,"minecraft:damage_dealt":24,"minecraft:leave_game":1,"minecraft:time_since_death":7283,"minecraft:walk_on_water_one_cm":5559,"minecraft:sleep_in_bed":1,"minecraft:total_world_time":7283,"minecraft:climb_one_cm":2906,"minecraft:swim_one_cm":30969,"minecraft:fall_one_cm":3645,"minecraft:fly_one_cm":51926},"minecraft:picked_up":{"minecraft:rotten_flesh":2,"minecraft:oak_log":5,"minecraft:oak_sapling":1,"minecraft:black_wool":1,"minecraft:mutton":1},"minecraft:mined":{"minecraft:oak_log":5,"minecraft:oak_leaves":3},"minecraft:used":{"minecraft:bread":3,"minecraft:oak_planks":6,"alexsmobs:animal_dictionary":1,"minecraft:iron_helmet":1}},"DataVersion":3465}