{"stats":{"minecraft:crafted":{"minecraft:oak_planks":24,"minecraft:crafting_table":2,"minecraft:stick":8,"minecraft:wooden_pickaxe":1,"minecraft:stone_pickaxe":1,"minecraft:birch_planks":12,"minecraft:stone_axe":1},"minecraft:mined":{"minecraft:birch_log":3,"minecraft:iron_ore":4,"minecraft:crafting_table":1,"minecraft:oak_log":6,"minecraft:grass_block":1,"minecraft:coal_ore":4,"minecraft:stone":15,"minecraft:oak_leaves":1},"minecraft:picked_up":{"minecraft:birch_log":3,"minecraft:raw_iron":4,"minecraft:stick":2,"minecraft:crafting_table":1,"minecraft:wooden_pickaxe":1,"minecraft:birch_planks":1,"tide:fishing_journal":1,"minecraft:oak_log":12,"alexsmobs:animal_dictionary":1,"minecraft:dirt":2,"minecraft:stone_pickaxe":1,"minecraft:coal":4,"minecraft:cobblestone":14},"minecraft:used":{"minecraft:stone_pickaxe":21,"minecraft:wooden_pickaxe":9,"minecraft:stone_axe":6,"minecraft:crafting_table":2},"minecraft:killed_by":{"minecraft:creeper":1},"minecraft:custom":{"minecraft:time_since_rest":3454,"minecraft:sprint_one_cm":52924,"minecraft:damage_taken":280,"minecraft:walk_one_cm":44033,"minecraft:damage_dealt":71,"minecraft:interact_with_crafting_table":4,"minecraft:fly_one_cm":60346,"minecraft:crouch_one_cm":1045,"minecraft:play_time":7146,"minecraft:deaths":1,"minecraft:sneak_time":224,"minecraft:jump":192,"minecraft:leave_game":1,"minecraft:time_since_death":3424,"minecraft:walk_on_water_one_cm":370,"minecraft:total_world_time":7146,"minecraft:fall_one_cm":4425}},"DataVersion":3465}