{"stats":{"minecraft:dropped":{"minecraft:cooked_beef":4,"alexsmobs:animal_dictionary":1,"minecraft:poppy":2,"minecraft:dirt":18,"tide:fishing_journal":1,"minecraft:stone_pickaxe":2},"minecraft:crafted":{"minecraft:cooked_beef":9,"minecraft:crafting_table":3,"magistuarmory:stone_shortsword":1,"minecraft:wooden_pickaxe":1,"minecraft:furnace":1,"minecraft:birch_planks":60,"magistuarmory:stone_zweihander":1,"minecraft:bread":45,"minecraft:air":0,"magistuarmory:hilt":2,"minecraft:stick":16,"minecraft:iron_pickaxe":1,"minecraft:stone_pickaxe":1,"minecraft:torch":24,"minecraft:stone_hoe":1,"magistuarmory:leather_strip":6,"minecraft:wheat":135},"minecraft:mined":{"minecraft:white_bed":1,"iceandfire:silver_ore":2,"minecraft:mossy_cobblestone":3,"minecraft:crafting_table":3,"minecraft:grass_block":7,"minecraft:cobblestone":1,"minecraft:oak_planks":5,"minecraft:sandstone":9,"minecraft:hay_block":15,"minecraft:birch_planks":1,"minecraft:furnace":1,"minecraft:birch_log":13,"minecraft:birch_leaves":1,"minecraft:coal_ore":8,"minecraft:dirt":8,"minecraft:stone":29},"minecraft:picked_up":{"minecraft:birch_log":15,"minecraft:crafting_table":3,"minecraft:leather":2,"minecraft:birch_planks":1,"minecraft:string":2,"minecraft:dirt":31,"minecraft:beef":9,"minecraft:iron_ingot":3,"minecraft:stone_pickaxe":1,"minecraft:poppy":2,"minecraft:oak_planks":5,"minecraft:furnace":1,"minecraft:sandstone":9,"minecraft:torch":1,"minecraft:porkchop":4,"minecraft:white_bed":1,"minecraft:grass_block":1,"minecraft:stone_axe":1,"minecraft:hay_block":15,"minecraft:coal":8,"minecraft:cobblestone":32,"iceandfire:raw_silver":2},"minecraft:used":{"minecraft:birch_planks":31,"minecraft:stone_pickaxe":21,"minecraft:oak_planks":5,"minecraft:wooden_pickaxe":9,"minecraft:stone_hoe":15,"magistuarmory:stone_zweihander":23,"minecraft:torch":25,"minecraft:dirt":9,"minecraft:crafting_table":5,"minecraft:white_bed":1,"tide:fishing_journal":2,"minecraft:bread":11,"minecraft:iron_pickaxe":32,"minecraft:stone_axe":27,"minecraft:furnace":1,"alexsmobs:animal_dictionary":1,"minecraft:cooked_beef":5},"minecraft:killed":{"minecraft:pig":3,"minecraft:spider":1,"minecraft:iron_golem":1,"minecraft:zombie":1,"minecraft:enderman":1,"minecraft:cow":4},"minecraft:custom":{"minecraft:interact_with_furnace":7,"minecraft:mob_kills":11,"minecraft:interact_with_crafting_table":9,"minecraft:leave_game":1,"minecraft:time_since_death":30139,"minecraft:sleep_in_bed":1,"minecraft:time_since_rest":10207,"minecraft:sprint_one_cm":204908,"minecraft:damage_taken":775,"minecraft:walk_one_cm":112947,"minecraft:drop":11,"minecraft:damage_dealt":2320,"minecraft:swim_one_cm":10446,"minecraft:fly_one_cm":240099,"minecraft:open_chest":1,"minecraft:crouch_one_cm":11078,"minecraft:play_time":30139,"minecraft:sneak_time":2028,"minecraft:walk_under_water_one_cm":138,"minecraft:jump":743,"minecraft:walk_on_water_one_cm":556,"minecraft:total_world_time":30139,"minecraft:fall_one_cm":23224}},"DataVersion":3465}