{"stats":{"minecraft:dropped":{"minecraft:dirt":18,"minecraft:cooked_beef":4,"alexsmobs:animal_dictionary":1,"tide:fishing_journal":1},"minecraft:crafted":{"minecraft:cooked_beef":9,"minecraft:crafting_table":2,"minecraft:stick":12,"minecraft:wooden_pickaxe":1,"minecraft:stone_pickaxe":1,"minecraft:furnace":1,"minecraft:torch":8,"minecraft:birch_planks":60,"minecraft:air":0},"minecraft:mined":{"minecraft:furnace":1,"minecraft:mossy_cobblestone":3,"minecraft:birch_log":13,"minecraft:crafting_table":1,"minecraft:coal_ore":2,"minecraft:grass_block":4,"minecraft:dirt":6,"minecraft:cobblestone":1,"minecraft:stone":18},"minecraft:picked_up":{"minecraft:birch_log":15,"minecraft:crafting_table":1,"minecraft:porkchop":4,"minecraft:dirt":26,"minecraft:stone_axe":1,"minecraft:beef":9,"minecraft:coal":2,"minecraft:cobblestone":21,"minecraft:furnace":1},"minecraft:used":{"minecraft:stone_pickaxe":21,"minecraft:wooden_pickaxe":9,"minecraft:stone_axe":18,"minecraft:torch":1,"minecraft:dirt":8,"minecraft:crafting_table":2,"minecraft:furnace":1,"alexsmobs:animal_dictionary":1,"tide:fishing_journal":2,"minecraft:cooked_beef":5},"minecraft:killed":{"minecraft:pig":3,"minecraft:cow":4},"minecraft:custom":{"minecraft:time_since_rest":15965,"minecraft:interact_with_furnace":7,"minecraft:sprint_one_cm":103405,"minecraft:damage_taken":330,"minecraft:walk_one_cm":69201,"minecraft:mob_kills":7,"minecraft:drop":7,"minecraft:damage_dealt":763,"minecraft:interact_with_crafting_table":5,"minecraft:fly_one_cm":84695,"minecraft:crouch_one_cm":3982,"minecraft:play_time":15965,"minecraft:sneak_time":776,"minecraft:jump":275,"minecraft:time_since_death":15965,"minecraft:total_world_time":15965,"minecraft:fall_one_cm":8463}},"DataVersion":3465}