{"stats":{"minecraft:dropped":{"minecraft:dirt":18,"alexsmobs:animal_dictionary":1,"tide:fishing_journal":1},"minecraft:crafted":{"minecraft:cooked_beef":5,"minecraft:crafting_table":2,"minecraft:stick":12,"minecraft:wooden_pickaxe":1,"minecraft:stone_pickaxe":1,"minecraft:furnace":1,"minecraft:torch":8,"minecraft:birch_planks":60,"minecraft:air":0},"minecraft:mined":{"minecraft:birch_log":13,"minecraft:coal_ore":2,"minecraft:grass_block":2,"minecraft:dirt":4,"minecraft:stone":18},"minecraft:picked_up":{"minecraft:birch_log":15,"minecraft:dirt":22,"minecraft:stone_axe":1,"minecraft:beef":9,"minecraft:coal":2,"minecraft:cobblestone":20},"minecraft:used":{"minecraft:stone_pickaxe":16,"minecraft:wooden_pickaxe":9,"minecraft:stone_axe":12,"minecraft:torch":1,"minecraft:dirt":3,"minecraft:crafting_table":2,"minecraft:furnace":1,"alexsmobs:animal_dictionary":1,"tide:fishing_journal":2,"minecraft:cooked_beef":2},"minecraft:killed":{"minecraft:cow":4},"minecraft:custom":{"minecraft:time_since_rest":9965,"minecraft:interact_with_furnace":6,"minecraft:sprint_one_cm":39639,"minecraft:damage_taken":200,"minecraft:walk_one_cm":46144,"minecraft:mob_kills":4,"minecraft:drop":3,"minecraft:damage_dealt":463,"minecraft:interact_with_crafting_table":5,"minecraft:fly_one_cm":35765,"minecraft:crouch_one_cm":2042,"minecraft:play_time":9965,"minecraft:sneak_time":605,"minecraft:jump":126,"minecraft:time_since_death":9965,"minecraft:total_world_time":9965,"minecraft:fall_one_cm":2848}},"DataVersion":3465}