{
  "farmersdelight:main/root": {
    "criteria": {
      "seeds": "2024-10-12 15:02:17 +0000"
    },
    "done": true
  },
  "moredelight:main/root": {
    "criteria": {
      "seeds": "2024-10-12 15:02:17 +0000"
    },
    "done": true
  },
  "minecraft:recipes/decorations/crafting_table": {
    "criteria": {
      "unlock_right_away": "2024-10-12 15:02:18 +0000"
    },
    "done": true
  },
  "mowziesmobs:root": {
    "criteria": {
      "custom_test_name": "2024-10-12 15:02:18 +0000"
    },
    "done": true
  },
  "iceandfire:iceandfire/root": {
    "criteria": {
      "tick": "2024-10-12 15:02:18 +0000"
    },
    "done": true
  },
  "dungeons_arise:wda_root": {
    "criteria": {
      "WDA": "2024-10-12 15:02:18 +0000"
    },
    "done": true
  },
  "minecraft:adventure/adventuring_time": {
    "criteria": {
      "minecraft:old_growth_pine_taiga": "2024-10-13 23:10:14 +0000",
      "minecraft:birch_forest": "2024-10-12 15:03:24 +0000",
      "minecraft:beach": "2024-10-12 15:05:10 +0000",
      "minecraft:dark_forest": "2024-10-12 15:02:20 +0000",
      "minecraft:river": "2024-10-12 15:05:03 +0000",
      "minecraft:grove": "2024-10-13 23:06:00 +0000",
      "minecraft:ocean": "2024-10-13 23:07:38 +0000",
      "minecraft:old_growth_spruce_taiga": "2024-10-13 23:15:02 +0000",
      "minecraft:old_growth_birch_forest": "2024-10-12 15:03:12 +0000",
      "minecraft:meadow": "2024-10-13 23:13:46 +0000"
    },
    "done": false
  },
  "minecraft:adventure/root": {
    "criteria": {
      "killed_by_something": "2024-10-12 15:03:02 +0000"
    },
    "done": true
  },
  "deeperdarker:recipes/transportation/echo_boat": {
    "criteria": {
      "in_water": "2024-10-12 15:04:56 +0000"
    },
    "done": true
  },
  "ecologics:recipes/ecologics/azalea_boat": {
    "criteria": {
      "in_water": "2024-10-12 15:04:56 +0000"
    },
    "done": true
  },
  "minecraft:recipes/transportation/cherry_boat": {
    "criteria": {
      "in_water": "2024-10-12 15:04:56 +0000"
    },
    "done": true
  },
  "minecraft:recipes/transportation/bamboo_raft": {
    "criteria": {
      "in_water": "2024-10-12 15:04:56 +0000"
    },
    "done": true
  },
  "ecologics:recipes/ecologics/walnut_boat": {
    "criteria": {
      "in_water": "2024-10-12 15:04:56 +0000"
    },
    "done": true
  },
  "minecraft:recipes/transportation/acacia_boat": {
    "criteria": {
      "in_water": "2024-10-12 15:04:56 +0000"
    },
    "done": true
  },
  "minecraft:recipes/transportation/jungle_boat": {
    "criteria": {
      "in_water": "2024-10-12 15:04:56 +0000"
    },
    "done": true
  },
  "minecraft:recipes/transportation/spruce_boat": {
    "criteria": {
      "in_water": "2024-10-12 15:04:56 +0000"
    },
    "done": true
  },
  "minecraft:recipes/transportation/birch_boat": {
    "criteria": {
      "in_water": "2024-10-12 15:04:56 +0000"
    },
    "done": true
  },
  "minecraft:recipes/transportation/oak_boat": {
    "criteria": {
      "in_water": "2024-10-12 15:04:56 +0000"
    },
    "done": true
  },
  "minecraft:recipes/transportation/mangrove_boat": {
    "criteria": {
      "in_water": "2024-10-12 15:04:56 +0000"
    },
    "done": true
  },
  "ecologics:recipes/ecologics/coconut_boat": {
    "criteria": {
      "in_water": "2024-10-12 15:04:56 +0000"
    },
    "done": true
  },
  "ecologics:recipes/ecologics/flowering_azalea_boat": {
    "criteria": {
      "in_water": "2024-10-12 15:04:56 +0000"
    },
    "done": true
  },
  "minecraft:recipes/transportation/dark_oak_boat": {
    "criteria": {
      "in_water": "2024-10-12 15:04:56 +0000"
    },
    "done": true
  },
  "doggytalents:recipes/food/uncooked_rice_bowl": {
    "criteria": {
      "has_dtn_rice_grains": "2024-10-12 15:05:41 +0000"
    },
    "done": true
  },
  "doggytalents:recipes/food/training_treat": {
    "criteria": {
      "has_dtn_rice_grains": "2024-10-12 15:05:41 +0000"
    },
    "done": true
  },
  "alexsmobs:alexsmobs/grizzly_bear": {
    "criteria": {
      "killed_by": "2024-10-12 15:05:52 +0000"
    },
    "done": true
  },
  "minecraft:recipes/decorations/ladder": {
    "criteria": {
      "has_stick": "2024-10-12 15:06:05 +0000"
    },
    "done": true
  },
  "refurbished_furniture:recipes/misc/constructing/crimson_lattice_fence": {
    "criteria": {
      "has_stick": "2024-10-12 15:06:05 +0000"
    },
    "done": true
  },
  "refurbished_furniture:recipes/misc/constructing/jungle_lattice_fence": {
    "criteria": {
      "has_stick": "2024-10-12 15:06:05 +0000"
    },
    "done": true
  },
  "refurbished_furniture:recipes/misc/constructing/spruce_lattice_fence_gate": {
    "criteria": {
      "has_stick": "2024-10-12 15:06:05 +0000"
    },
    "done": true
  },
  "refurbished_furniture:recipes/misc/constructing/dark_oak_lattice_fence_gate": {
    "criteria": {
      "has_stick": "2024-10-12 15:06:05 +0000"
    },
    "done": true
  },
  "doggytalents:recipes/decorations/sunglasses": {
    "criteria": {
      "has_stick": "2024-10-12 15:06:05 +0000"
    },
    "done": true
  },
  "minecraft:recipes/tools/wooden_axe": {
    "criteria": {
      "has_stick": "2024-10-12 15:06:05 +0000"
    },
    "done": true
  },
  "doggytalents:recipes/decorations/giant_stick": {
    "criteria": {
      "has_stick": "2024-10-12 15:06:05 +0000"
    },
    "done": true
  },
  "refurbished_furniture:recipes/misc/constructing/oak_lattice_fence_gate": {
    "criteria": {
      "has_stick": "2024-10-12 15:06:05 +0000"
    },
    "done": true
  },
  "refurbished_furniture:recipes/misc/constructing/birch_lattice_fence": {
    "criteria": {
      "has_stick": "2024-10-12 15:06:05 +0000"
    },
    "done": true
  },
  "moredelight:combat/wooden_knife": {
    "criteria": {
      "has_wood": "2024-10-12 15:06:05 +0000"
    },
    "done": true
  },
  "minecraft:recipes/decorations/campfire": {
    "criteria": {
      "has_stick": "2024-10-12 15:06:05 +0000"
    },
    "done": true
  },
  "refurbished_furniture:recipes/misc/constructing/dark_oak_lattice_fence": {
    "criteria": {
      "has_stick": "2024-10-12 15:06:05 +0000"
    },
    "done": true
  },
  "minecraft:recipes/tools/wooden_hoe": {
    "criteria": {
      "has_stick": "2024-10-12 15:06:05 +0000"
    },
    "done": true
  },
  "refurbished_furniture:recipes/misc/constructing/acacia_lattice_fence": {
    "criteria": {
      "has_stick": "2024-10-12 15:06:05 +0000"
    },
    "done": true
  },
  "minecraft:recipes/tools/wooden_shovel": {
    "criteria": {
      "has_stick": "2024-10-12 15:06:05 +0000"
    },
    "done": true
  },
  "paraglider:recipes/misc/paraglider": {
    "criteria": {
      "has_stick": "2024-10-12 15:06:05 +0000"
    },
    "done": true
  },
  "minecraft:recipes/combat/wooden_sword": {
    "criteria": {
      "has_stick": "2024-10-12 15:06:05 +0000"
    },
    "done": true
  },
  "refurbished_furniture:recipes/misc/constructing/mangrove_lattice_fence_gate": {
    "criteria": {
      "has_stick": "2024-10-12 15:06:05 +0000"
    },
    "done": true
  },
  "refurbished_furniture:recipes/misc/constructing/jungle_lattice_fence_gate": {
    "criteria": {
      "has_stick": "2024-10-12 15:06:05 +0000"
    },
    "done": true
  },
  "farmersdelight:recipes/combat/flint_knife": {
    "criteria": {
      "has_stick": "2024-10-12 15:06:05 +0000"
    },
    "done": true
  },
  "refurbished_furniture:recipes/misc/constructing/spruce_lattice_fence": {
    "criteria": {
      "has_stick": "2024-10-12 15:06:05 +0000"
    },
    "done": true
  },
  "refurbished_furniture:recipes/misc/constructing/crimson_lattice_fence_gate": {
    "criteria": {
      "has_stick": "2024-10-12 15:06:05 +0000"
    },
    "done": true
  },
  "refurbished_furniture:recipes/misc/constructing/cherry_lattice_fence": {
    "criteria": {
      "has_stick": "2024-10-12 15:06:05 +0000"
    },
    "done": true
  },
  "refurbished_furniture:recipes/misc/constructing/warped_lattice_fence_gate": {
    "criteria": {
      "has_stick": "2024-10-12 15:06:05 +0000"
    },
    "done": true
  },
  "refurbished_furniture:recipes/misc/constructing/oak_lattice_fence": {
    "criteria": {
      "has_stick": "2024-10-12 15:06:05 +0000"
    },
    "done": true
  },
  "minecraft:recipes/tools/wooden_pickaxe": {
    "criteria": {
      "has_stick": "2024-10-12 15:06:05 +0000"
    },
    "done": true
  },
  "refurbished_furniture:recipes/misc/constructing/mangrove_lattice_fence": {
    "criteria": {
      "has_stick": "2024-10-12 15:06:05 +0000"
    },
    "done": true
  },
  "refurbished_furniture:recipes/misc/constructing/cherry_lattice_fence_gate": {
    "criteria": {
      "has_stick": "2024-10-12 15:06:05 +0000"
    },
    "done": true
  },
  "refurbished_furniture:recipes/misc/constructing/acacia_lattice_fence_gate": {
    "criteria": {
      "has_stick": "2024-10-12 15:06:05 +0000"
    },
    "done": true
  },
  "farmersdelight:recipes/decorations/cutting_board": {
    "criteria": {
      "has_stick": "2024-10-12 15:06:05 +0000"
    },
    "done": true
  },
  "refurbished_furniture:recipes/misc/constructing/warped_lattice_fence": {
    "criteria": {
      "has_stick": "2024-10-12 15:06:05 +0000"
    },
    "done": true
  },
  "refurbished_furniture:recipes/misc/constructing/birch_lattice_fence_gate": {
    "criteria": {
      "has_stick": "2024-10-12 15:06:05 +0000"
    },
    "done": true
  },
  "more_slabs_stairs_and_walls:recipes/building_blocks/dark_oak_log_stairs": {
    "criteria": {
      "has_dark_oak_log": "2024-10-13 22:50:08 +0000"
    },
    "done": true
  },
  "more_slabs_stairs_and_walls:recipes/building_blocks/dark_oak_log_wall_from_dark_oak_log_stonecutting": {
    "criteria": {
      "has_dark_oak_log": "2024-10-13 22:50:08 +0000"
    },
    "done": true
  },
  "minecraft:recipes/misc/charcoal": {
    "criteria": {
      "has_log": "2024-10-13 22:50:08 +0000"
    },
    "done": true
  },
  "more_slabs_stairs_and_walls:recipes/building_blocks/dark_oak_log_stairs_from_dark_oak_log_stonecutting": {
    "criteria": {
      "has_dark_oak_log": "2024-10-13 22:50:08 +0000"
    },
    "done": true
  },
  "more_slabs_stairs_and_walls:recipes/building_blocks/dark_oak_log_slab": {
    "criteria": {
      "has_dark_oak_log": "2024-10-13 22:50:08 +0000"
    },
    "done": true
  },
  "mcwfurnitures:recipes/dark_oak": {
    "criteria": {
      "has_wood": "2024-10-13 22:50:08 +0000"
    },
    "done": true
  },
  "mcwdoors:recipes/dark_oak": {
    "criteria": {
      "has_wood": "2024-10-13 22:50:08 +0000"
    },
    "done": true
  },
  "minecraft:recipes/building_blocks/dark_oak_planks": {
    "criteria": {
      "has_log": "2024-10-13 22:50:08 +0000"
    },
    "done": true
  },
  "minecraft:recipes/building_blocks/dark_oak_wood": {
    "criteria": {
      "has_log": "2024-10-13 22:50:08 +0000"
    },
    "done": true
  },
  "more_slabs_stairs_and_walls:recipes/building_blocks/dark_oak_log_slab_from_dark_oak_log_stonecutting": {
    "criteria": {
      "has_dark_oak_log": "2024-10-13 22:50:08 +0000"
    },
    "done": true
  },
  "more_slabs_stairs_and_walls:recipes/building_blocks/dark_oak_log_wall": {
    "criteria": {
      "has_dark_oak_log": "2024-10-13 22:50:08 +0000"
    },
    "done": true
  },
  "refurbished_furniture:recipes/misc/constructing/purple_stool": {
    "criteria": {
      "has_planks": "2024-10-13 22:58:04 +0000"
    },
    "done": true
  },
  "minecraft:recipes/combat/leather_helmet": {
    "criteria": {
      "has_leather": "2024-10-13 23:06:26 +0000"
    },
    "done": true
  },
  "farmersdelight:recipes/cooking/mushroom_rice": {
    "criteria": {
      "has_any_ingredient": "2024-10-13 23:14:50 +0000"
    },
    "done": true
  },
  "more_slabs_stairs_and_walls:recipes/building_blocks/honey_block_stairs": {
    "criteria": {
      "has_honey_block": "2024-10-13 23:12:29 +0000"
    },
    "done": true
  },
  "refurbished_furniture:recipes/misc/constructing/lime_grill": {
    "criteria": {
      "has_iron_ingot": "2024-10-13 23:12:32 +0000"
    },
    "done": true
  },
  "refurbished_furniture:recipes/misc/constructing/oak_toilet": {
    "criteria": {
      "has_iron_ingot": "2024-10-13 23:12:32 +0000"
    },
    "done": true
  },
  "refurbished_furniture:recipes/misc/constructing/birch_crate": {
    "criteria": {
      "has_birch_planks": "2024-10-13 22:58:04 +0000"
    },
    "done": true
  },
  "refurbished_furniture:recipes/misc/constructing/green_stool": {
    "criteria": {
      "has_planks": "2024-10-13 22:58:04 +0000"
    },
    "done": true
  },
  "minecraft:recipes/food/cooked_mutton_from_smoking": {
    "criteria": {
      "has_mutton": "2024-10-13 23:05:27 +0000"
    },
    "done": true
  },
  "paraglider:root": {
    "criteria": {
      "crafting_table": "2024-10-13 22:58:09 +0000"
    },
    "done": true
  },
  "refurbished_furniture:recipes/misc/constructing/yellow_lamp": {
    "criteria": {
      "has_planks": "2024-10-13 22:58:04 +0000"
    },
    "done": true
  },
  "farmersdelight:recipes/cooking/rabbit_stew": {
    "criteria": {
      "has_any_ingredient": "2024-10-13 23:14:50 +0000"
    },
    "done": true
  },
  "minecraft:recipes/redstone/birch_button": {
    "criteria": {
      "has_planks": "2024-10-13 22:58:04 +0000"
    },
    "done": true
  },
  "refurbished_furniture:recipes/misc/constructing/dark_oak_toilet": {
    "criteria": {
      "has_dark_oak_planks": "2024-10-13 23:11:57 +0000"
    },
    "done": true
  },
  "refurbished_furniture:recipes/misc/constructing/cherry_bath": {
    "criteria": {
      "has_iron_ingot": "2024-10-13 23:12:32 +0000"
    },
    "done": true
  },
  "refurbished_furniture:recipes/misc/spatula": {
    "criteria": {
      "has_leather": "2024-10-13 23:06:26 +0000"
    },
    "done": true
  },
  "refurbished_furniture:recipes/misc/constructing/acacia_bath": {
    "criteria": {
      "has_iron_ingot": "2024-10-13 23:12:32 +0000"
    },
    "done": true
  },
  "refurbished_furniture:recipes/misc/constructing/red_lamp": {
    "criteria": {
      "has_planks": "2024-10-13 22:58:04 +0000"
    },
    "done": true
  },
  "refurbished_furniture:recipes/misc/constructing/birch_cutting_board": {
    "criteria": {
      "has_birch_planks": "2024-10-13 22:58:04 +0000"
    },
    "done": true
  },
  "refurbished_furniture:recipes/misc/dark_electricity_generator": {
    "criteria": {
      "has_iron_ingot": "2024-10-13 23:12:32 +0000"
    },
    "done": true
  },
  "more_slabs_stairs_and_walls:recipes/building_blocks/honey_block_wall": {
    "criteria": {
      "has_honey_block": "2024-10-13 23:12:29 +0000"
    },
    "done": true
  },
  "travelersbackpack:recipes/misc/backpack_tank": {
    "criteria": {
      "has_iron": "2024-10-13 23:12:32 +0000"
    },
    "done": true
  },
  "minecraft:recipes/building_blocks/lapis_block": {
    "criteria": {
      "has_lapis_lazuli": "2024-10-13 23:21:01 +0000"
    },
    "done": true
  },
  "refurbished_furniture:recipes/misc/constructing/crimson_storage_cabinet": {
    "criteria": {
      "has_iron_ingot": "2024-10-13 23:12:32 +0000"
    },
    "done": true
  },
  "refurbished_furniture:recipes/misc/slicing/red_dye_from_sweet_berries": {
    "criteria": {
      "has_sweet_berries": "2024-10-13 23:14:47 +0000"
    },
    "done": true
  },
  "refurbished_furniture:recipes/misc/constructing/orange_lamp": {
    "criteria": {
      "has_planks": "2024-10-13 22:58:04 +0000"
    },
    "done": true
  },
  "refurbished_furniture:recipes/misc/constructing/white_grill": {
    "criteria": {
      "has_iron_ingot": "2024-10-13 23:12:32 +0000"
    },
    "done": true
  },
  "doggytalents:recipes/decorations/superdog_suit": {
    "criteria": {
      "has_iron_ingot": "2024-10-13 23:12:32 +0000"
    },
    "done": true
  },
  "refurbished_furniture:recipes/misc/constructing/pink_grill": {
    "criteria": {
      "has_iron_ingot": "2024-10-13 23:12:32 +0000"
    },
    "done": true
  },
  "farmersdelight:recipes/cooking/mushroom_stew": {
    "criteria": {
      "has_any_ingredient": "2024-10-13 23:14:50 +0000"
    },
    "done": true
  },
  "doggytalents:recipes/combat/sussy_sickle": {
    "criteria": {
      "has_iron_ingot": "2024-10-13 23:12:32 +0000"
    },
    "done": true
  },
  "refurbished_furniture:recipes/misc/constructing/crimson_toilet": {
    "criteria": {
      "has_iron_ingot": "2024-10-13 23:12:32 +0000"
    },
    "done": true
  },
  "doggytalents:recipes/tools/radio_collar": {
    "criteria": {
      "has_redstone": "2024-10-13 23:17:44 +0000"
    },
    "done": true
  },
  "doggytalents:recipes/decorations/pianist_suit": {
    "criteria": {
      "has_string": "2024-10-13 23:11:05 +0000"
    },
    "done": true
  },
  "refurbished_furniture:recipes/misc/constructing/birch_kitchen_sink": {
    "criteria": {
      "has_birch_planks": "2024-10-13 22:58:04 +0000"
    },
    "done": true
  },
  "minecraft:recipes/combat/iron_helmet": {
    "criteria": {
      "has_iron_ingot": "2024-10-13 23:12:32 +0000"
    },
    "done": true
  },
  "doggytalents:recipes/decorations/bowtie": {
    "criteria": {
      "has_string": "2024-10-13 23:11:05 +0000"
    },
    "done": true
  },
  "refurbished_furniture:recipes/misc/constructing/dark_oak_kitchen_cabinetry": {
    "criteria": {
      "has_dark_oak_planks": "2024-10-13 23:11:57 +0000"
    },
    "done": true
  },
  "minecraft:story/mine_stone": {
    "criteria": {
      "get_stone": "2024-10-13 22:58:55 +0000"
    },
    "done": true
  },
  "minecraft:recipes/decorations/furnace": {
    "criteria": {
      "has_cobblestone": "2024-10-13 22:58:55 +0000"
    },
    "done": true
  },
  "minecraft:recipes/redstone/redstone_torch": {
    "criteria": {
      "has_redstone": "2024-10-13 23:17:44 +0000"
    },
    "done": true
  },
  "refurbished_furniture:recipes/misc/constructing/orange_trampoline": {
    "criteria": {
      "has_string": "2024-10-13 23:11:05 +0000"
    },
    "done": true
  },
  "refurbished_furniture:recipes/misc/constructing/light_toaster": {
    "criteria": {
      "has_iron_ingot": "2024-10-13 23:12:32 +0000"
    },
    "done": true
  },
  "refurbished_furniture:recipes/misc/constructing/cyan_trampoline": {
    "criteria": {
      "has_string": "2024-10-13 23:11:05 +0000"
    },
    "done": true
  },
  "refurbished_furniture:recipes/misc/constructing/black_grill": {
    "criteria": {
      "has_iron_ingot": "2024-10-13 23:12:32 +0000"
    },
    "done": true
  },
  "minecraft:recipes/redstone/birch_door": {
    "criteria": {
      "has_planks": "2024-10-13 22:58:04 +0000"
    },
    "done": true
  },
  "minecraft:recipes/decorations/birch_fence": {
    "criteria": {
      "has_planks": "2024-10-13 22:58:04 +0000"
    },
    "done": true
  },
  "minecraft:recipes/decorations/black_carpet": {
    "criteria": {
      "has_black_wool": "2024-10-13 23:05:29 +0000"
    },
    "done": true
  },
  "refurbished_furniture:recipes/misc/constructing/dark_oak_storage_cabinet": {
    "criteria": {
      "has_dark_oak_planks": "2024-10-13 23:11:57 +0000"
    },
    "done": true
  },
  "refurbished_furniture:recipes/misc/constructing/white_lamp": {
    "criteria": {
      "has_planks": "2024-10-13 22:58:04 +0000"
    },
    "done": true
  },
  "doggytalents:recipes/tools/whistle": {
    "criteria": {
      "has_iron_ingot": "2024-10-13 23:12:32 +0000"
    },
    "done": true
  },
  "refurbished_furniture:recipes/misc/constructing/dark_oak_crate": {
    "criteria": {
      "has_dark_oak_planks": "2024-10-13 23:11:57 +0000"
    },
    "done": true
  },
  "doggytalents:recipes/decorations/plague_doctor_mask": {
    "criteria": {
      "has_leather": "2024-10-13 23:06:26 +0000"
    },
    "done": true
  },
  "minecraft:recipes/combat/leather_chestplate": {
    "criteria": {
      "has_leather": "2024-10-13 23:06:26 +0000"
    },
    "done": true
  },
  "refurbished_furniture:recipes/misc/constructing/yellow_sofa": {
    "criteria": {
      "has_planks": "2024-10-13 22:58:04 +0000"
    },
    "done": true
  },
  "travelersbackpack:recipes/misc/crafting_upgrade": {
    "criteria": {
      "has_crafting_table": "2024-10-13 22:58:09 +0000"
    },
    "done": true
  },
  "doggytalents:recipes/decorations/smarty_glasses": {
    "criteria": {
      "has_redstone": "2024-10-13 23:17:44 +0000"
    },
    "done": true
  },
  "refurbished_furniture:recipes/misc/constructing/orange_sofa": {
    "criteria": {
      "has_planks": "2024-10-13 22:58:04 +0000"
    },
    "done": true
  },
  "minecraft:recipes/decorations/chest": {
    "criteria": {
      "has_lots_of_items": "2024-10-13 22:58:55 +0000"
    },
    "done": true
  },
  "more_slabs_stairs_and_walls:recipes/building_blocks/birch_log_stairs_from_birch_log_stonecutting": {
    "criteria": {
      "has_birch_log": "2024-10-13 22:57:37 +0000"
    },
    "done": true
  },
  "minecraft:recipes/tools/shears": {
    "criteria": {
      "has_iron_ingot": "2024-10-13 23:12:32 +0000"
    },
    "done": true
  },
  "minecraft:recipes/misc/stick": {
    "criteria": {
      "has_planks": "2024-10-13 22:58:04 +0000"
    },
    "done": true
  },
  "doggytalents:recipes/decorations/propeller_hat": {
    "criteria": {
      "has_iron_ingot": "2024-10-13 23:12:32 +0000"
    },
    "done": true
  },
  "mcwfurnitures:recipes/birch": {
    "criteria": {
      "has_wood": "2024-10-13 22:57:37 +0000"
    },
    "done": true
  },
  "minecraft:recipes/redstone/lectern": {
    "criteria": {
      "has_book": "2024-10-13 23:12:39 +0000"
    },
    "done": true
  },
  "minecraft:recipes/building_blocks/cobblestone_slab_from_cobblestone_stonecutting": {
    "criteria": {
      "has_cobblestone": "2024-10-13 22:58:55 +0000"
    },
    "done": true
  },
  "refurbished_furniture:recipes/misc/constructing/birch_kitchen_drawer": {
    "criteria": {
      "has_birch_planks": "2024-10-13 22:58:04 +0000"
    },
    "done": true
  },
  "minecraft:recipes/decorations/birch_sign": {
    "criteria": {
      "has_planks": "2024-10-13 22:58:04 +0000"
    },
    "done": true
  },
  "refurbished_furniture:recipes/misc/constructing/gray_grill": {
    "criteria": {
      "has_iron_ingot": "2024-10-13 23:12:32 +0000"
    },
    "done": true
  },
  "minecraft:adventure/kill_all_mobs": {
    "criteria": {
      "minecraft:skeleton": "2024-10-13 22:58:23 +0000",
      "minecraft:witch": "2024-10-13 23:11:27 +0000"
    },
    "done": false
  },
  "minecraft:recipes/building_blocks/birch_wood": {
    "criteria": {
      "has_log": "2024-10-13 22:57:37 +0000"
    },
    "done": true
  },
  "refurbished_furniture:recipes/misc/constructing/birch_bath": {
    "criteria": {
      "has_birch_planks": "2024-10-13 22:58:04 +0000"
    },
    "done": true
  },
  "refurbished_furniture:recipes/misc/constructing/oak_light_ceiling_fan": {
    "criteria": {
      "has_iron_ingot": "2024-10-13 23:12:32 +0000"
    },
    "done": true
  },
  "refurbished_furniture:recipes/misc/constructing/brown_trampoline": {
    "criteria": {
      "has_string": "2024-10-13 23:11:05 +0000"
    },
    "done": true
  },
  "refurbished_furniture:recipes/misc/constructing/spruce_bath": {
    "criteria": {
      "has_iron_ingot": "2024-10-13 23:12:32 +0000"
    },
    "done": true
  },
  "refurbished_furniture:recipes/misc/constructing/dark_oak_kitchen_sink": {
    "criteria": {
      "has_dark_oak_planks": "2024-10-13 23:11:57 +0000"
    },
    "done": true
  },
  "refurbished_furniture:recipes/misc/constructing/crimson_light_ceiling_fan": {
    "criteria": {
      "has_iron_ingot": "2024-10-13 23:12:32 +0000"
    },
    "done": true
  },
  "refurbished_furniture:recipes/misc/constructing/dark_oak_drawer": {
    "criteria": {
      "has_dark_oak_planks": "2024-10-13 23:11:57 +0000"
    },
    "done": true
  },
  "minecraft:recipes/building_blocks/iron_block": {
    "criteria": {
      "has_iron_ingot": "2024-10-13 23:12:32 +0000"
    },
    "done": true
  },
  "refurbished_furniture:recipes/misc/constructing/birch_storage_cabinet": {
    "criteria": {
      "has_birch_planks": "2024-10-13 22:58:04 +0000"
    },
    "done": true
  },
  "refurbished_furniture:recipes/misc/constructing/light_microwave": {
    "criteria": {
      "has_iron_ingot": "2024-10-13 23:12:32 +0000"
    },
    "done": true
  },
  "refurbished_furniture:recipes/misc/constructing/cyan_grill": {
    "criteria": {
      "has_iron_ingot": "2024-10-13 23:12:32 +0000"
    },
    "done": true
  },
  "minecraft:recipes/redstone/tripwire_hook": {
    "criteria": {
      "has_string": "2024-10-13 23:11:05 +0000"
    },
    "done": true
  },
  "minecraft:recipes/redstone/birch_fence_gate": {
    "criteria": {
      "has_planks": "2024-10-13 22:58:04 +0000"
    },
    "done": true
  },
  "farmersdelight:recipes/decorations/cooking_pot": {
    "criteria": {
      "has_iron_ingot": "2024-10-13 23:12:32 +0000"
    },
    "done": true
  },
  "minecraft:recipes/building_blocks/stone": {
    "criteria": {
      "has_cobblestone": "2024-10-13 22:58:55 +0000"
    },
    "done": true
  },
  "refurbished_furniture:recipes/misc/constructing/birch_toilet": {
    "criteria": {
      "has_birch_planks": "2024-10-13 22:58:04 +0000"
    },
    "done": true
  },
  "refurbished_furniture:recipes/misc/constructing/acacia_light_ceiling_fan": {
    "criteria": {
      "has_iron_ingot": "2024-10-13 23:12:32 +0000"
    },
    "done": true
  },
  "refurbished_furniture:recipes/misc/constructing/light_blue_trampoline": {
    "criteria": {
      "has_string": "2024-10-13 23:11:05 +0000"
    },
    "done": true
  },
  "refurbished_furniture:recipes/misc/constructing/crimson_basin": {
    "criteria": {
      "has_iron_ingot": "2024-10-13 23:12:32 +0000"
    },
    "done": true
  },
  "doggytalents:recipes/decorations/wig": {
    "criteria": {
      "has_string": "2024-10-13 23:11:05 +0000"
    },
    "done": true
  },
  "refurbished_furniture:recipes/misc/constructing/magenta_stool": {
    "criteria": {
      "has_planks": "2024-10-13 22:58:04 +0000"
    },
    "done": true
  },
  "mcwdoors:recipes/birch": {
    "criteria": {
      "has_wood": "2024-10-13 22:57:37 +0000"
    },
    "done": true
  },
  "refurbished_furniture:recipes/misc/constructing/dark_oak_cutting_board": {
    "criteria": {
      "has_dark_oak_planks": "2024-10-13 23:11:57 +0000"
    },
    "done": true
  },
  "minecraft:recipes/misc/writable_book": {
    "criteria": {
      "has_book": "2024-10-13 23:12:39 +0000"
    },
    "done": true
  },
  "minecraft:recipes/decorations/candle": {
    "criteria": {
      "has_string": "2024-10-13 23:11:05 +0000"
    },
    "done": true
  },
  "refurbished_furniture:recipes/misc/constructing/light_stove": {
    "criteria": {
      "has_iron_ingot": "2024-10-13 23:12:32 +0000"
    },
    "done": true
  },
  "minecraft:recipes/building_blocks/birch_slab": {
    "criteria": {
      "has_planks": "2024-10-13 22:58:04 +0000"
    },
    "done": true
  },
  "refurbished_furniture:recipes/misc/constructing/dark_oak_kitchen_drawer": {
    "criteria": {
      "has_dark_oak_planks": "2024-10-13 23:11:57 +0000"
    },
    "done": true
  },
  "more_slabs_stairs_and_walls:recipes/building_blocks/dirt_stairs_from_dirt_stonecutting": {
    "criteria": {
      "has_dirt": "2024-10-13 22:58:53 +0000"
    },
    "done": true
  },
  "minecraft:recipes/misc/leather_horse_armor": {
    "criteria": {
      "has_leather": "2024-10-13 23:06:26 +0000"
    },
    "done": true
  },
  "minecraft:recipes/redstone/target": {
    "criteria": {
      "has_redstone": "2024-10-13 23:17:44 +0000"
    },
    "done": true
  },
  "refurbished_furniture:recipes/misc/constructing/spruce_light_ceiling_fan": {
    "criteria": {
      "has_iron_ingot": "2024-10-13 23:12:32 +0000"
    },
    "done": true
  },
  "minecraft:recipes/building_blocks/dark_oak_stairs": {
    "criteria": {
      "has_planks": "2024-10-13 23:11:57 +0000"
    },
    "done": true
  },
  "more_slabs_stairs_and_walls:recipes/building_blocks/white_wool_stairs_from_white_wool_stonecutting": {
    "criteria": {
      "has_white_wool": "2024-10-13 23:05:28 +0000"
    },
    "done": true
  },
  "refurbished_furniture:recipes/misc/constructing/brown_cooler": {
    "criteria": {
      "has_planks": "2024-10-13 22:58:04 +0000"
    },
    "done": true
  },
  "refurbished_furniture:recipes/misc/constructing/dark_oak_mail_box": {
    "criteria": {
      "has_dark_oak_planks": "2024-10-13 23:11:57 +0000"
    },
    "done": true
  },
  "refurbished_furniture:recipes/misc/constructing/mangrove_toilet": {
    "criteria": {
      "has_iron_ingot": "2024-10-13 23:12:32 +0000"
    },
    "done": true
  },
  "refurbished_furniture:recipes/misc/constructing/purple_cooler": {
    "criteria": {
      "has_planks": "2024-10-13 22:58:04 +0000"
    },
    "done": true
  },
  "doggytalents:recipes/decorations/locator_orb_shin": {
    "criteria": {
      "has_string": "2024-10-13 23:11:05 +0000"
    },
    "done": true
  },
  "refurbished_furniture:recipes/misc/constructing/warped_storage_cabinet": {
    "criteria": {
      "has_iron_ingot": "2024-10-13 23:12:32 +0000"
    },
    "done": true
  },
  "refurbished_furniture:recipes/misc/constructing/red_trampoline": {
    "criteria": {
      "has_string": "2024-10-13 23:11:05 +0000"
    },
    "done": true
  },
  "refurbished_furniture:recipes/misc/constructing/cyan_cooler": {
    "criteria": {
      "has_planks": "2024-10-13 22:58:04 +0000"
    },
    "done": true
  },
  "travelersbackpack:recipes/misc/horse": {
    "criteria": {
      "has_leather": "2024-10-13 23:06:26 +0000"
    },
    "done": true
  },
  "minecraft:recipes/tools/compass": {
    "criteria": {
      "has_redstone": "2024-10-13 23:17:44 +0000"
    },
    "done": true
  },
  "refurbished_furniture:recipes/misc/constructing/light_gray_cooler": {
    "criteria": {
      "has_planks": "2024-10-13 22:58:04 +0000"
    },
    "done": true
  },
  "refurbished_furniture:recipes/misc/constructing/dark_oak_storage_jar": {
    "criteria": {
      "has_dark_oak_planks": "2024-10-13 23:11:57 +0000"
    },
    "done": true
  },
  "more_slabs_stairs_and_walls:recipes/building_blocks/birch_log_wall_from_birch_log_stonecutting": {
    "criteria": {
      "has_birch_log": "2024-10-13 22:57:37 +0000"
    },
    "done": true
  },
  "more_slabs_stairs_and_walls:recipes/building_blocks/birch_log_stairs": {
    "criteria": {
      "has_birch_log": "2024-10-13 22:57:37 +0000"
    },
    "done": true
  },
  "minecraft:recipes/building_blocks/birch_stairs": {
    "criteria": {
      "has_planks": "2024-10-13 22:58:04 +0000"
    },
    "done": true
  },
  "refurbished_furniture:recipes/misc/constructing/red_sofa": {
    "criteria": {
      "has_planks": "2024-10-13 22:58:04 +0000"
    },
    "done": true
  },
  "refurbished_furniture:recipes/misc/constructing/blue_trampoline": {
    "criteria": {
      "has_string": "2024-10-13 23:11:05 +0000"
    },
    "done": true
  },
  "more_slabs_stairs_and_walls:recipes/building_blocks/dirt_wall": {
    "criteria": {
      "has_dirt": "2024-10-13 22:58:53 +0000"
    },
    "done": true
  },
  "refurbished_furniture:recipes/misc/constructing/warped_light_ceiling_fan": {
    "criteria": {
      "has_iron_ingot": "2024-10-13 23:12:32 +0000"
    },
    "done": true
  },
  "doggytalents:recipes/decorations/tantan_cape": {
    "criteria": {
      "has_leather": "2024-10-13 23:06:26 +0000"
    },
    "done": true
  },
  "moredelight:combat/stone_knife": {
    "criteria": {
      "has_stone": "2024-10-13 22:58:55 +0000"
    },
    "done": true
  },
  "doggytalents:recipes/decorations/bach_wig": {
    "criteria": {
      "has_string": "2024-10-13 23:11:05 +0000"
    },
    "done": true
  },
  "minecraft:recipes/redstone/dark_oak_door": {
    "criteria": {
      "has_planks": "2024-10-13 23:11:57 +0000"
    },
    "done": true
  },
  "minecraft:recipes/redstone/hopper": {
    "criteria": {
      "has_iron_ingot": "2024-10-13 23:12:32 +0000"
    },
    "done": true
  },
  "moredelight:recipes/food/steak_sandwich": {
    "criteria": {
      "has_cooked_beef": "2024-10-13 23:16:06 +0000"
    },
    "done": true
  },
  "travelersbackpack:recipes/misc/iron": {
    "criteria": {
      "has_iron_ingot": "2024-10-13 23:12:32 +0000"
    },
    "done": true
  },
  "refurbished_furniture:recipes/misc/constructing/lime_stool": {
    "criteria": {
      "has_planks": "2024-10-13 22:58:04 +0000"
    },
    "done": true
  },
  "refurbished_furniture:recipes/misc/constructing/warped_bath": {
    "criteria": {
      "has_iron_ingot": "2024-10-13 23:12:32 +0000"
    },
    "done": true
  },
  "refurbished_furniture:recipes/misc/constructing/green_grill": {
    "criteria": {
      "has_iron_ingot": "2024-10-13 23:12:32 +0000"
    },
    "done": true
  },
  "doggytalents:recipes/food/golden_a_five_wagyu": {
    "criteria": {
      "has_cooked_beef": "2024-10-13 23:16:06 +0000"
    },
    "done": true
  },
  "minecraft:recipes/decorations/black_bed": {
    "criteria": {
      "has_black_wool": "2024-10-13 23:05:29 +0000"
    },
    "done": true
  },
  "more_slabs_stairs_and_walls:recipes/building_blocks/white_wool_wall_from_white_wool_stonecutting": {
    "criteria": {
      "has_white_wool": "2024-10-13 23:05:28 +0000"
    },
    "done": true
  },
  "minecraft:recipes/food/cooked_beef_from_smoking": {
    "criteria": {
      "has_beef": "2024-10-13 23:06:26 +0000"
    },
    "done": true
  },
  "refurbished_furniture:recipes/misc/constructing/acacia_basin": {
    "criteria": {
      "has_iron_ingot": "2024-10-13 23:12:32 +0000"
    },
    "done": true
  },
  "refurbished_furniture:recipes/misc/constructing/magenta_lamp": {
    "criteria": {
      "has_planks": "2024-10-13 22:58:04 +0000"
    },
    "done": true
  },
  "minecraft:recipes/food/cooked_porkchop": {
    "criteria": {
      "has_porkchop": "2024-10-13 23:01:32 +0000"
    },
    "done": true
  },
  "farmersdelight:recipes/food/roasted_mutton_chops": {
    "criteria": {
      "has_mutton": "2024-10-13 23:08:53 +0000"
    },
    "done": true
  },
  "refurbished_furniture:recipes/misc/constructing/purple_grill": {
    "criteria": {
      "has_iron_ingot": "2024-10-13 23:12:32 +0000"
    },
    "done": true
  },
  "refurbished_furniture:recipes/misc/constructing/acacia_storage_cabinet": {
    "criteria": {
      "has_iron_ingot": "2024-10-13 23:12:32 +0000"
    },
    "done": true
  },
  "minecraft:recipes/combat/iron_boots": {
    "criteria": {
      "has_iron_ingot": "2024-10-13 23:12:32 +0000"
    },
    "done": true
  },
  "minecraft:recipes/building_blocks/birch_planks": {
    "criteria": {
      "has_logs": "2024-10-13 22:57:37 +0000"
    },
    "done": true
  },
  "more_slabs_stairs_and_walls:recipes/building_blocks/birch_log_wall": {
    "criteria": {
      "has_birch_log": "2024-10-13 22:57:37 +0000"
    },
    "done": true
  },
  "travelersbackpack:recipes/misc/skeleton": {
    "criteria": {
      "has_arrow": "2024-10-13 22:58:23 +0000"
    },
    "done": true
  },
  "refurbished_furniture:recipes/misc/constructing/light_gray_sofa": {
    "criteria": {
      "has_planks": "2024-10-13 22:58:04 +0000"
    },
    "done": true
  },
  "minecraft:recipes/tools/stone_pickaxe": {
    "criteria": {
      "has_cobblestone": "2024-10-13 22:58:55 +0000"
    },
    "done": true
  },
  "minecraft:recipes/food/honey_bottle": {
    "criteria": {
      "has_honey_block": "2024-10-13 23:12:29 +0000"
    },
    "done": true
  },
  "refurbished_furniture:recipes/misc/constructing/frying_pan": {
    "criteria": {
      "has_leather": "2024-10-13 23:06:26 +0000"
    },
    "done": true
  },
  "minecraft:recipes/decorations/lantern": {
    "criteria": {
      "has_iron_ingot": "2024-10-13 23:12:32 +0000"
    },
    "done": true
  },
  "refurbished_furniture:recipes/misc/constructing/jungle_storage_cabinet": {
    "criteria": {
      "has_iron_ingot": "2024-10-13 23:12:32 +0000"
    },
    "done": true
  },
  "more_slabs_stairs_and_walls:recipes/building_blocks/black_wool_stairs_from_black_wool_stonecutting": {
    "criteria": {
      "has_black_wool": "2024-10-13 23:05:29 +0000"
    },
    "done": true
  },
  "doggytalents:recipes/decorations/conan_suit": {
    "criteria": {
      "has_wool": "2024-10-13 23:05:28 +0000"
    },
    "done": true
  },
  "travelersbackpack:recipes/misc/sheep": {
    "criteria": {
      "has_white_wool": "2024-10-13 23:05:28 +0000"
    },
    "done": true
  },
  "minecraft:recipes/tools/iron_shovel": {
    "criteria": {
      "has_iron_ingot": "2024-10-13 23:12:32 +0000"
    },
    "done": true
  },
  "minecraft:recipes/decorations/item_frame": {
    "criteria": {
      "has_leather": "2024-10-13 23:06:26 +0000"
    },
    "done": true
  },
  "mcwdoors:recipes/metal": {
    "criteria": {
      "has_wood": "2024-10-13 23:12:32 +0000"
    },
    "done": true
  },
  "doggytalents:recipes/decorations/wool_collar": {
    "criteria": {
      "has_string": "2024-10-13 23:11:05 +0000"
    },
    "done": true
  },
  "farmersdelight:recipes/cooking/pasta_with_meatballs": {
    "criteria": {
      "has_any_ingredient": "2024-10-13 23:06:26 +0000"
    },
    "done": true
  },
  "more_slabs_stairs_and_walls:recipes/building_blocks/dark_oak_planks_wall_from_dark_oak_planks_stonecutting": {
    "criteria": {
      "has_dark_oak_planks": "2024-10-13 23:11:57 +0000"
    },
    "done": true
  },
  "doggytalents:recipes/misc/gender_bone": {
    "criteria": {
      "has_string": "2024-10-13 23:11:05 +0000"
    },
    "done": true
  },
  "refurbished_furniture:recipes/misc/constructing/white_trampoline": {
    "criteria": {
      "has_string": "2024-10-13 23:11:05 +0000"
    },
    "done": true
  },
  "more_slabs_stairs_and_walls:recipes/building_blocks/honey_block_slab": {
    "criteria": {
      "has_honey_block": "2024-10-13 23:12:29 +0000"
    },
    "done": true
  },
  "refurbished_furniture:recipes/misc/constructing/jungle_light_ceiling_fan": {
    "criteria": {
      "has_iron_ingot": "2024-10-13 23:12:32 +0000"
    },
    "done": true
  },
  "refurbished_furniture:recipes/misc/constructing/birch_kitchen_cabinetry": {
    "criteria": {
      "has_birch_planks": "2024-10-13 22:58:04 +0000"
    },
    "done": true
  },
  "refurbished_furniture:recipes/misc/constructing/blue_grill": {
    "criteria": {
      "has_iron_ingot": "2024-10-13 23:12:32 +0000"
    },
    "done": true
  },
  "more_slabs_stairs_and_walls:recipes/building_blocks/dirt_wall_from_dirt_stonecutting": {
    "criteria": {
      "has_dirt": "2024-10-13 22:58:53 +0000"
    },
    "done": true
  },
  "moredelight:recipes/cooking/cooked_rice_with_milk_cream_and_beef": {
    "criteria": {
      "has_any_ingredient": "2024-10-13 23:06:26 +0000"
    },
    "done": true
  },
  "refurbished_furniture:recipes/misc/constructing/birch_storage_jar": {
    "criteria": {
      "has_birch_planks": "2024-10-13 22:58:04 +0000"
    },
    "done": true
  },
  "minecraft:recipes/redstone/dispenser": {
    "criteria": {
      "has_bow": "2024-10-13 22:58:23 +0000"
    },
    "done": true
  },
  "refurbished_furniture:recipes/misc/constructing/mangrove_light_ceiling_fan": {
    "criteria": {
      "has_iron_ingot": "2024-10-13 23:12:32 +0000"
    },
    "done": true
  },
  "minecraft:recipes/building_blocks/cobblestone_slab": {
    "criteria": {
      "has_cobblestone": "2024-10-13 22:58:55 +0000"
    },
    "done": true
  },
  "more_slabs_stairs_and_walls:recipes/building_blocks/black_wool_slab_from_black_wool_stonecutting": {
    "criteria": {
      "has_black_wool": "2024-10-13 23:05:29 +0000"
    },
    "done": true
  },
  "refurbished_furniture:recipes/misc/constructing/post_box": {
    "criteria": {
      "has_planks": "2024-10-13 22:58:04 +0000"
    },
    "done": true
  },
  "minecraft:recipes/redstone/iron_trapdoor": {
    "criteria": {
      "has_iron_ingot": "2024-10-13 23:12:32 +0000"
    },
    "done": true
  },
  "refurbished_furniture:recipes/misc/constructing/green_lamp": {
    "criteria": {
      "has_planks": "2024-10-13 22:58:04 +0000"
    },
    "done": true
  },
  "minecraft:recipes/redstone/redstone_block": {
    "criteria": {
      "has_redstone": "2024-10-13 23:17:44 +0000"
    },
    "done": true
  },
  "refurbished_furniture:recipes/misc/constructing/magenta_sofa": {
    "criteria": {
      "has_planks": "2024-10-13 22:58:04 +0000"
    },
    "done": true
  },
  "minecraft:recipes/combat/crossbow": {
    "criteria": {
      "has_string": "2024-10-13 23:11:05 +0000"
    },
    "done": true
  },
  "farmersdelight:recipes/food/shepherds_pie_block": {
    "criteria": {
      "has_cooked_mutton": "2024-10-13 23:08:53 +0000"
    },
    "done": true
  },
  "minecraft:recipes/food/cooked_porkchop_from_smoking": {
    "criteria": {
      "has_porkchop": "2024-10-13 23:01:32 +0000"
    },
    "done": true
  },
  "minecraft:recipes/decorations/barrel": {
    "criteria": {
      "has_planks": "2024-10-13 22:58:04 +0000"
    },
    "done": true
  },
  "minecraft:recipes/combat/leather_boots": {
    "criteria": {
      "has_leather": "2024-10-13 23:06:26 +0000"
    },
    "done": true
  },
  "minecraft:recipes/decorations/cobblestone_wall_from_cobblestone_stonecutting": {
    "criteria": {
      "has_cobblestone": "2024-10-13 22:58:55 +0000"
    },
    "done": true
  },
  "farmersdelight:recipes/food/sweet_berry_cookie": {
    "criteria": {
      "has_sweet_berries": "2024-10-13 23:14:47 +0000"
    },
    "done": true
  },
  "doggytalents:recipes/decorations/cape_coloured": {
    "criteria": {
      "has_leather": "2024-10-13 23:06:26 +0000"
    },
    "done": true
  },
  "minecraft:recipes/decorations/white_bed": {
    "criteria": {
      "has_white_wool": "2024-10-13 23:05:28 +0000"
    },
    "done": true
  },
  "doggytalents:recipes/decorations/dog_plushie_toy_item": {
    "criteria": {
      "has_white_wool": "2024-10-13 23:05:28 +0000"
    },
    "done": true
  },
  "refurbished_furniture:recipes/misc/constructing/cyan_stool": {
    "criteria": {
      "has_planks": "2024-10-13 22:58:04 +0000"
    },
    "done": true
  },
  "minecraft:recipes/building_blocks/cobblestone_stairs": {
    "criteria": {
      "has_cobblestone": "2024-10-13 22:58:55 +0000"
    },
    "done": true
  },
  "refurbished_furniture:recipes/misc/constructing/jungle_toilet": {
    "criteria": {
      "has_iron_ingot": "2024-10-13 23:12:32 +0000"
    },
    "done": true
  },
  "farmersdelight:recipes/combat/iron_knife": {
    "criteria": {
      "has_iron_ingot": "2024-10-13 23:12:32 +0000"
    },
    "done": true
  },
  "refurbished_furniture:recipes/misc/constructing/light_blue_grill": {
    "criteria": {
      "has_iron_ingot": "2024-10-13 23:12:32 +0000"
    },
    "done": true
  },
  "refurbished_furniture:recipes/misc/constructing/green_sofa": {
    "criteria": {
      "has_planks": "2024-10-13 22:58:04 +0000"
    },
    "done": true
  },
  "minecraft:recipes/decorations/dark_oak_sign": {
    "criteria": {
      "has_planks": "2024-10-13 23:11:57 +0000"
    },
    "done": true
  },
  "refurbished_furniture:recipes/misc/constructing/cherry_light_ceiling_fan": {
    "criteria": {
      "has_iron_ingot": "2024-10-13 23:12:32 +0000"
    },
    "done": true
  },
  "refurbished_furniture:recipes/misc/constructing/birch_light_ceiling_fan": {
    "criteria": {
      "has_birch_planks": "2024-10-13 22:58:04 +0000"
    },
    "done": true
  },
  "travelersbackpack:recipes/misc/pig": {
    "criteria": {
      "has_porkchop": "2024-10-13 23:01:32 +0000"
    },
    "done": true
  },
  "refurbished_furniture:recipes/misc/constructing/yellow_trampoline": {
    "criteria": {
      "has_string": "2024-10-13 23:11:05 +0000"
    },
    "done": true
  },
  "refurbished_furniture:recipes/misc/constructing/birch_desk": {
    "criteria": {
      "has_birch_planks": "2024-10-13 22:58:04 +0000"
    },
    "done": true
  },
  "refurbished_furniture:recipes/misc/constructing/recycle_bin": {
    "criteria": {
      "has_iron_ingot": "2024-10-13 23:12:32 +0000"
    },
    "done": true
  },
  "minecraft:recipes/tools/stone_shovel": {
    "criteria": {
      "has_cobblestone": "2024-10-13 22:58:55 +0000"
    },
    "done": true
  },
  "refurbished_furniture:recipes/misc/constructing/light_gray_lamp": {
    "criteria": {
      "has_planks": "2024-10-13 22:58:04 +0000"
    },
    "done": true
  },
  "refurbished_furniture:recipes/misc/constructing/magenta_grill": {
    "criteria": {
      "has_iron_ingot": "2024-10-13 23:12:32 +0000"
    },
    "done": true
  },
  "minecraft:recipes/food/cooked_beef": {
    "criteria": {
      "has_beef": "2024-10-13 23:06:26 +0000"
    },
    "done": true
  },
  "fusion:recipes/misc/thyrium_rod": {
    "criteria": {
      "has_item": "2024-10-13 23:11:05 +0000"
    },
    "done": true
  },
  "minecraft:recipes/redstone/heavy_weighted_pressure_plate": {
    "criteria": {
      "has_iron_ingot": "2024-10-13 23:12:32 +0000"
    },
    "done": true
  },
  "refurbished_furniture:recipes/misc/constructing/light_ceiling_light": {
    "criteria": {
      "has_iron_ingot": "2024-10-13 23:12:32 +0000"
    },
    "done": true
  },
  "doggytalents:recipes/decorations/locator_orb_dyable": {
    "criteria": {
      "has_string": "2024-10-13 23:11:05 +0000"
    },
    "done": true
  },
  "refurbished_furniture:recipes/misc/light_electricity_generator": {
    "criteria": {
      "has_iron_ingot": "2024-10-13 23:12:32 +0000"
    },
    "done": true
  },
  "refurbished_furniture:recipes/misc/constructing/birch_basin": {
    "criteria": {
      "has_birch_planks": "2024-10-13 22:58:04 +0000"
    },
    "done": true
  },
  "minecraft:recipes/redstone/lever": {
    "criteria": {
      "has_cobblestone": "2024-10-13 22:58:55 +0000"
    },
    "done": true
  },
  "refurbished_furniture:recipes/misc/constructing/acacia_toilet": {
    "criteria": {
      "has_iron_ingot": "2024-10-13 23:12:32 +0000"
    },
    "done": true
  },
  "more_slabs_stairs_and_walls:recipes/building_blocks/birch_planks_wall_from_birch_planks_stonecutting": {
    "criteria": {
      "has_birch_planks": "2024-10-13 22:58:04 +0000"
    },
    "done": true
  },
  "refurbished_furniture:recipes/misc/constructing/magenta_trampoline": {
    "criteria": {
      "has_string": "2024-10-13 23:11:05 +0000"
    },
    "done": true
  },
  "minecraft:recipes/combat/iron_leggings": {
    "criteria": {
      "has_iron_ingot": "2024-10-13 23:12:32 +0000"
    },
    "done": true
  },
  "more_slabs_stairs_and_walls:recipes/building_blocks/dirt_slab": {
    "criteria": {
      "has_dirt": "2024-10-13 22:58:53 +0000"
    },
    "done": true
  },
  "refurbished_furniture:recipes/misc/constructing/blue_stool": {
    "criteria": {
      "has_planks": "2024-10-13 22:58:04 +0000"
    },
    "done": true
  },
  "iceandfire:recipes/misc/dragon_meal": {
    "criteria": {
      "has_item": "2024-10-13 23:01:32 +0000"
    },
    "done": true
  },
  "minecraft:recipes/combat/leather_leggings": {
    "criteria": {
      "has_leather": "2024-10-13 23:06:26 +0000"
    },
    "done": true
  },
  "travelersbackpack:recipes/misc/coal": {
    "criteria": {
      "has_coal": "2024-10-13 23:03:06 +0000"
    },
    "done": true
  },
  "doggytalents:recipes/decorations/leather_jacket": {
    "criteria": {
      "has_leather": "2024-10-13 23:06:26 +0000"
    },
    "done": true
  },
  "refurbished_furniture:recipes/misc/constructing/gray_trampoline": {
    "criteria": {
      "has_string": "2024-10-13 23:11:05 +0000"
    },
    "done": true
  },
  "refurbished_furniture:recipes/misc/constructing/brown_stool": {
    "criteria": {
      "has_planks": "2024-10-13 22:58:04 +0000"
    },
    "done": true
  },
  "more_slabs_stairs_and_walls:recipes/building_blocks/honey_block_slab_from_honey_block_stonecutting": {
    "criteria": {
      "has_honey_block": "2024-10-13 23:12:29 +0000"
    },
    "done": true
  },
  "refurbished_furniture:recipes/misc/constructing/dark_oak_chair": {
    "criteria": {
      "has_dark_oak_planks": "2024-10-13 23:11:57 +0000"
    },
    "done": true
  },
  "refurbished_furniture:recipes/misc/constructing/mangrove_bath": {
    "criteria": {
      "has_iron_ingot": "2024-10-13 23:12:32 +0000"
    },
    "done": true
  },
  "refurbished_furniture:recipes/misc/constructing/orange_stool": {
    "criteria": {
      "has_planks": "2024-10-13 22:58:04 +0000"
    },
    "done": true
  },
  "minecraft:recipes/redstone/dark_oak_fence_gate": {
    "criteria": {
      "has_planks": "2024-10-13 23:11:57 +0000"
    },
    "done": true
  },
  "refurbished_furniture:recipes/misc/constructing/light_fridge": {
    "criteria": {
      "has_iron_ingot": "2024-10-13 23:12:32 +0000"
    },
    "done": true
  },
  "minecraft:recipes/misc/iron_nugget_from_smelting": {
    "criteria": {
      "has_iron_shovel": "2024-10-13 23:12:33 +0000"
    },
    "done": true
  },
  "minecraft:recipes/misc/blue_dye": {
    "criteria": {
      "has_lapis_lazuli": "2024-10-13 23:21:01 +0000"
    },
    "done": true
  },
  "refurbished_furniture:recipes/misc/constructing/jungle_bath": {
    "criteria": {
      "has_iron_ingot": "2024-10-13 23:12:32 +0000"
    },
    "done": true
  },
  "minecraft:recipes/building_blocks/bookshelf": {
    "criteria": {
      "has_book": "2024-10-13 23:12:39 +0000"
    },
    "done": true
  },
  "minecraft:recipes/combat/iron_chestplate": {
    "criteria": {
      "has_iron_ingot": "2024-10-13 23:12:32 +0000"
    },
    "done": true
  },
  "minecraft:recipes/redstone/dark_oak_trapdoor": {
    "criteria": {
      "has_planks": "2024-10-13 23:11:57 +0000"
    },
    "done": true
  },
  "refurbished_furniture:recipes/misc/constructing/black_cooler": {
    "criteria": {
      "has_planks": "2024-10-13 22:58:04 +0000"
    },
    "done": true
  },
  "refurbished_furniture:recipes/misc/constructing/lime_lamp": {
    "criteria": {
      "has_planks": "2024-10-13 22:58:04 +0000"
    },
    "done": true
  },
  "minecraft:recipes/combat/stone_sword": {
    "criteria": {
      "has_cobblestone": "2024-10-13 22:58:55 +0000"
    },
    "done": true
  },
  "minecraft:recipes/decorations/cobblestone_wall": {
    "criteria": {
      "has_cobblestone": "2024-10-13 22:58:55 +0000"
    },
    "done": true
  },
  "travelersbackpack:recipes/misc/fox": {
    "criteria": {
      "has_sweet_berries": "2024-10-13 23:14:47 +0000"
    },
    "done": true
  },
  "doggytalents:recipes/food/energizer_stick": {
    "criteria": {
      "has_sugar": "2024-10-13 23:17:44 +0000"
    },
    "done": true
  },
  "minecraft:recipes/tools/stone_axe": {
    "criteria": {
      "has_cobblestone": "2024-10-13 22:58:55 +0000"
    },
    "done": true
  },
  "fusion:recipes/misc/sinisite_rod": {
    "criteria": {
      "has_item": "2024-10-13 23:11:05 +0000"
    },
    "done": true
  },
  "moredelight:recipes/cooking/cooked_diced_potatoes_with_beef": {
    "criteria": {
      "has_any_ingredient": "2024-10-13 23:06:26 +0000"
    },
    "done": true
  },
  "refurbished_furniture:recipes/misc/constructing/dark_oak_basin": {
    "criteria": {
      "has_dark_oak_planks": "2024-10-13 23:11:57 +0000"
    },
    "done": true
  },
  "minecraft:recipes/misc/iron_nugget": {
    "criteria": {
      "has_iron_ingot": "2024-10-13 23:12:32 +0000"
    },
    "done": true
  },
  "minecraft:recipes/misc/bucket": {
    "criteria": {
      "has_iron_ingot": "2024-10-13 23:12:32 +0000"
    },
    "done": true
  },
  "iceandfire:recipes/misc/blindfold": {
    "criteria": {
      "has_item": "2024-10-13 23:06:26 +0000"
    },
    "done": true
  },
  "refurbished_furniture:recipes/misc/constructing/cherry_basin": {
    "criteria": {
      "has_iron_ingot": "2024-10-13 23:12:32 +0000"
    },
    "done": true
  },
  "minecraft:recipes/combat/bow": {
    "criteria": {
      "has_string": "2024-10-13 23:11:05 +0000"
    },
    "done": true
  },
  "refurbished_furniture:recipes/misc/slicing/bone_meal_from_bone": {
    "criteria": {
      "has_bone": "2024-10-13 22:58:23 +0000"
    },
    "done": true
  },
  "minecraft:recipes/transportation/minecart": {
    "criteria": {
      "has_iron_ingot": "2024-10-13 23:12:32 +0000"
    },
    "done": true
  },
  "minecraft:recipes/tools/iron_hoe": {
    "criteria": {
      "has_iron_ingot": "2024-10-13 23:12:32 +0000"
    },
    "done": true
  },
  "minecraft:recipes/misc/bowl": {
    "criteria": {
      "has_brown_mushroom": "2024-10-13 23:14:50 +0000"
    },
    "done": true
  },
  "refurbished_furniture:recipes/misc/constructing/computer": {
    "criteria": {
      "has_iron_ingot": "2024-10-13 23:12:32 +0000"
    },
    "done": true
  },
  "minecraft:recipes/tools/clock": {
    "criteria": {
      "has_redstone": "2024-10-13 23:17:44 +0000"
    },
    "done": true
  },
  "refurbished_furniture:recipes/misc/constructing/cherry_storage_cabinet": {
    "criteria": {
      "has_iron_ingot": "2024-10-13 23:12:32 +0000"
    },
    "done": true
  },
  "refurbished_furniture:recipes/misc/constructing/magenta_cooler": {
    "criteria": {
      "has_planks": "2024-10-13 22:58:04 +0000"
    },
    "done": true
  },
  "farmersdelight:recipes/cooking/noodle_soup": {
    "criteria": {
      "has_any_ingredient": "2024-10-13 23:01:32 +0000"
    },
    "done": true
  },
  "minecraft:recipes/decorations/painting": {
    "criteria": {
      "has_wool": "2024-10-13 23:05:28 +0000"
    },
    "done": true
  },
  "refurbished_furniture:recipes/misc/constructing/light_blue_cooler": {
    "criteria": {
      "has_planks": "2024-10-13 22:58:04 +0000"
    },
    "done": true
  },
  "refurbished_furniture:recipes/misc/constructing/pink_sofa": {
    "criteria": {
      "has_planks": "2024-10-13 22:58:04 +0000"
    },
    "done": true
  },
  "refurbished_furniture:recipes/misc/constructing/birch_chair": {
    "criteria": {
      "has_birch_planks": "2024-10-13 22:58:04 +0000"
    },
    "done": true
  },
  "refurbished_furniture:recipes/misc/constructing/oak_bath": {
    "criteria": {
      "has_iron_ingot": "2024-10-13 23:12:32 +0000"
    },
    "done": true
  },
  "refurbished_furniture:recipes/misc/constructing/brown_lamp": {
    "criteria": {
      "has_planks": "2024-10-13 22:58:04 +0000"
    },
    "done": true
  },
  "doggytalents:recipes/decorations/guard_suit": {
    "criteria": {
      "has_string": "2024-10-13 23:11:05 +0000"
    },
    "done": true
  },
  "more_slabs_stairs_and_walls:recipes/building_blocks/black_wool_stairs": {
    "criteria": {
      "has_black_wool": "2024-10-13 23:05:29 +0000"
    },
    "done": true
  },
  "farmersdelight:recipes/cooking/vegetable_noodles": {
    "criteria": {
      "has_any_ingredient": "2024-10-13 23:14:50 +0000"
    },
    "done": true
  },
  "refurbished_furniture:recipes/misc/constructing/red_grill": {
    "criteria": {
      "has_iron_ingot": "2024-10-13 23:12:32 +0000"
    },
    "done": true
  },
  "minecraft:story/smelt_iron": {
    "criteria": {
      "iron": "2024-10-13 23:12:32 +0000"
    },
    "done": true
  },
  "minecraft:recipes/tools/fishing_rod": {
    "criteria": {
      "has_string": "2024-10-13 23:11:05 +0000"
    },
    "done": true
  },
  "minecraft:recipes/decorations/smoker": {
    "criteria": {
      "has_furnace": "2024-10-13 23:08:04 +0000"
    },
    "done": true
  },
  "more_slabs_stairs_and_walls:recipes/building_blocks/white_wool_wall": {
    "criteria": {
      "has_white_wool": "2024-10-13 23:05:28 +0000"
    },
    "done": true
  },
  "minecraft:recipes/redstone/dark_oak_button": {
    "criteria": {
      "has_planks": "2024-10-13 23:11:57 +0000"
    },
    "done": true
  },
  "refurbished_furniture:recipes/misc/constructing/lime_sofa": {
    "criteria": {
      "has_planks": "2024-10-13 22:58:04 +0000"
    },
    "done": true
  },
  "doggytalents:recipes/tools/throw_bone": {
    "criteria": {
      "has_bone": "2024-10-13 22:58:23 +0000"
    },
    "done": true
  },
  "refurbished_furniture:recipes/misc/constructing/light_gray_trampoline": {
    "criteria": {
      "has_string": "2024-10-13 23:11:05 +0000"
    },
    "done": true
  },
  "refurbished_furniture:recipes/misc/constructing/dark_oak_table": {
    "criteria": {
      "has_dark_oak_planks": "2024-10-13 23:11:57 +0000"
    },
    "done": true
  },
  "more_slabs_stairs_and_walls:recipes/building_blocks/dirt_slab_from_dirt_stonecutting": {
    "criteria": {
      "has_dirt": "2024-10-13 22:58:53 +0000"
    },
    "done": true
  },
  "refurbished_furniture:recipes/misc/constructing/mangrove_basin": {
    "criteria": {
      "has_iron_ingot": "2024-10-13 23:12:32 +0000"
    },
    "done": true
  },
  "refurbished_furniture:recipes/misc/constructing/red_cooler": {
    "criteria": {
      "has_planks": "2024-10-13 22:58:04 +0000"
    },
    "done": true
  },
  "refurbished_furniture:recipes/misc/constructing/green_trampoline": {
    "criteria": {
      "has_string": "2024-10-13 23:11:05 +0000"
    },
    "done": true
  },
  "minecraft:recipes/decorations/chain": {
    "criteria": {
      "has_iron_ingot": "2024-10-13 23:12:32 +0000"
    },
    "done": true
  },
  "minecraft:recipes/food/cooked_porkchop_from_campfire_cooking": {
    "criteria": {
      "has_porkchop": "2024-10-13 23:01:32 +0000"
    },
    "done": true
  },
  "refurbished_furniture:recipes/misc/constructing/oak_basin": {
    "criteria": {
      "has_iron_ingot": "2024-10-13 23:12:32 +0000"
    },
    "done": true
  },
  "minecraft:recipes/building_blocks/chiseled_bookshelf": {
    "criteria": {
      "has_book": "2024-10-13 23:12:39 +0000"
    },
    "done": true
  },
  "farmersdelight:recipes/cooking/pumpkin_soup": {
    "criteria": {
      "has_any_ingredient": "2024-10-13 23:01:32 +0000"
    },
    "done": true
  },
  "refurbished_furniture:recipes/misc/constructing/lime_trampoline": {
    "criteria": {
      "has_string": "2024-10-13 23:11:05 +0000"
    },
    "done": true
  },
  "more_slabs_stairs_and_walls:recipes/building_blocks/birch_log_slab_from_birch_log_stonecutting": {
    "criteria": {
      "has_birch_log": "2024-10-13 22:57:37 +0000"
    },
    "done": true
  },
  "doggytalents:recipes/decorations/locator_orb_rei": {
    "criteria": {
      "has_string": "2024-10-13 23:11:05 +0000"
    },
    "done": true
  },
  "minecraft:recipes/decorations/black_banner": {
    "criteria": {
      "has_black_wool": "2024-10-13 23:05:29 +0000"
    },
    "done": true
  },
  "doggytalents:recipes/decorations/lab_coat": {
    "criteria": {
      "has_wool": "2024-10-13 23:05:28 +0000"
    },
    "done": true
  },
  "minecraft:recipes/misc/bone_meal": {
    "criteria": {
      "has_bone": "2024-10-13 22:58:23 +0000"
    },
    "done": true
  },
  "refurbished_furniture:recipes/misc/constructing/dark_oak_bath": {
    "criteria": {
      "has_dark_oak_planks": "2024-10-13 23:11:57 +0000"
    },
    "done": true
  },
  "travelersbackpack:recipes/misc/spider": {
    "criteria": {
      "has_string": "2024-10-13 23:11:05 +0000"
    },
    "done": true
  },
  "iceandfire:recipes/misc/earplugs": {
    "criteria": {
      "has_item": "2024-10-13 22:58:04 +0000"
    },
    "done": true
  },
  "minecraft:recipes/decorations/smithing_table": {
    "criteria": {
      "has_iron_ingot": "2024-10-13 23:12:32 +0000"
    },
    "done": true
  },
  "refurbished_furniture:recipes/misc/constructing/crimson_bath": {
    "criteria": {
      "has_iron_ingot": "2024-10-13 23:12:32 +0000"
    },
    "done": true
  },
  "refurbished_furniture:recipes/misc/constructing/black_trampoline": {
    "criteria": {
      "has_string": "2024-10-13 23:11:05 +0000"
    },
    "done": true
  },
  "travelersbackpack:recipes/decorations/white_sleeping_bag": {
    "criteria": {
      "has_white_wool": "2024-10-13 23:05:28 +0000"
    },
    "done": true
  },
  "fusion:recipes/building_blocks/fusion_furnace": {
    "criteria": {
      "has_item": "2024-10-13 23:08:04 +0000"
    },
    "done": true
  },
  "doggytalents:recipes/decorations/wool_collar_thicc": {
    "criteria": {
      "has_string": "2024-10-13 23:11:05 +0000"
    },
    "done": true
  },
  "refurbished_furniture:recipes/misc/constructing/green_cooler": {
    "criteria": {
      "has_planks": "2024-10-13 22:58:04 +0000"
    },
    "done": true
  },
  "refurbished_furniture:recipes/misc/knife": {
    "criteria": {
      "has_leather": "2024-10-13 23:06:26 +0000"
    },
    "done": true
  },
  "minecraft:recipes/redstone/note_block": {
    "criteria": {
      "has_redstone": "2024-10-13 23:17:44 +0000"
    },
    "done": true
  },
  "refurbished_furniture:recipes/misc/workbench": {
    "criteria": {
      "has_planks": "2024-10-13 22:58:04 +0000"
    },
    "done": true
  },
  "refurbished_furniture:recipes/misc/constructing/brown_sofa": {
    "criteria": {
      "has_planks": "2024-10-13 22:58:04 +0000"
    },
    "done": true
  },
  "more_slabs_stairs_and_walls:recipes/building_blocks/black_wool_wall": {
    "criteria": {
      "has_black_wool": "2024-10-13 23:05:29 +0000"
    },
    "done": true
  },
  "fusion:thyrium_bow": {
    "criteria": {
      "has_item": "2024-10-13 23:11:05 +0000"
    },
    "done": true
  },
  "minecraft:husbandry/root": {
    "criteria": {
      "consumed_item": "2024-10-13 23:01:35 +0000"
    },
    "done": true
  },
  "refurbished_furniture:recipes/misc/constructing/light_blue_lamp": {
    "criteria": {
      "has_planks": "2024-10-13 22:58:04 +0000"
    },
    "done": true
  },
  "minecraft:recipes/decorations/white_carpet": {
    "criteria": {
      "has_white_wool": "2024-10-13 23:05:28 +0000"
    },
    "done": true
  },
  "refurbished_furniture:recipes/misc/constructing/blue_sofa": {
    "criteria": {
      "has_planks": "2024-10-13 22:58:04 +0000"
    },
    "done": true
  },
  "refurbished_furniture:recipes/misc/constructing/warped_basin": {
    "criteria": {
      "has_iron_ingot": "2024-10-13 23:12:32 +0000"
    },
    "done": true
  },
  "refurbished_furniture:recipes/misc/constructing/doorbell": {
    "criteria": {
      "has_iron_ingot": "2024-10-13 23:12:32 +0000"
    },
    "done": true
  },
  "refurbished_furniture:recipes/misc/constructing/light_lightswitch": {
    "criteria": {
      "has_iron_ingot": "2024-10-13 23:12:32 +0000"
    },
    "done": true
  },
  "refurbished_furniture:recipes/misc/constructing/light_blue_stool": {
    "criteria": {
      "has_planks": "2024-10-13 22:58:04 +0000"
    },
    "done": true
  },
  "minecraft:recipes/building_blocks/coal_block": {
    "criteria": {
      "has_coal": "2024-10-13 23:03:06 +0000"
    },
    "done": true
  },
  "refurbished_furniture:recipes/misc/constructing/dark_oak_kitchen_storage_cabinet": {
    "criteria": {
      "has_dark_oak_planks": "2024-10-13 23:11:57 +0000"
    },
    "done": true
  },
  "travelersbackpack:recipes/decorations/black_sleeping_bag": {
    "criteria": {
      "has_black_wool": "2024-10-13 23:05:29 +0000"
    },
    "done": true
  },
  "refurbished_furniture:recipes/misc/constructing/white_cooler": {
    "criteria": {
      "has_planks": "2024-10-13 22:58:04 +0000"
    },
    "done": true
  },
  "minecraft:recipes/redstone/dark_oak_pressure_plate": {
    "criteria": {
      "has_planks": "2024-10-13 23:11:57 +0000"
    },
    "done": true
  },
  "more_slabs_stairs_and_walls:recipes/building_blocks/white_wool_stairs": {
    "criteria": {
      "has_white_wool": "2024-10-13 23:05:28 +0000"
    },
    "done": true
  },
  "minecraft:recipes/decorations/dark_oak_fence": {
    "criteria": {
      "has_planks": "2024-10-13 23:11:57 +0000"
    },
    "done": true
  },
  "more_slabs_stairs_and_walls:recipes/building_blocks/honey_block_stairs_from_honey_block_stonecutting": {
    "criteria": {
      "has_honey_block": "2024-10-13 23:12:29 +0000"
    },
    "done": true
  },
  "doggytalents:recipes/tools/treat_bag": {
    "criteria": {
      "has_leather": "2024-10-13 23:06:26 +0000"
    },
    "done": true
  },
  "minecraft:recipes/combat/iron_sword": {
    "criteria": {
      "has_iron_ingot": "2024-10-13 23:12:32 +0000"
    },
    "done": true
  },
  "minecraft:recipes/tools/iron_pickaxe": {
    "criteria": {
      "has_iron_ingot": "2024-10-13 23:12:32 +0000"
    },
    "done": true
  },
  "refurbished_furniture:recipes/misc/constructing/blue_lamp": {
    "criteria": {
      "has_planks": "2024-10-13 22:58:04 +0000"
    },
    "done": true
  },
  "doggytalents:recipes/tools/empty_locator_orb": {
    "criteria": {
      "has_string": "2024-10-13 23:11:05 +0000"
    },
    "done": true
  },
  "minecraft:recipes/building_blocks/dark_oak_slab": {
    "criteria": {
      "has_planks": "2024-10-13 23:11:57 +0000"
    },
    "done": true
  },
  "refurbished_furniture:recipes/misc/constructing/spruce_toilet": {
    "criteria": {
      "has_iron_ingot": "2024-10-13 23:12:32 +0000"
    },
    "done": true
  },
  "refurbished_furniture:recipes/misc/constructing/red_stool": {
    "criteria": {
      "has_planks": "2024-10-13 22:58:04 +0000"
    },
    "done": true
  },
  "minecraft:recipes/decorations/torch": {
    "criteria": {
      "has_stone_pickaxe": "2024-10-13 23:03:49 +0000"
    },
    "done": true
  },
  "minecraft:recipes/combat/shield": {
    "criteria": {
      "has_iron_ingot": "2024-10-13 23:12:32 +0000"
    },
    "done": true
  },
  "refurbished_furniture:recipes/misc/wrench": {
    "criteria": {
      "has_leather": "2024-10-13 23:06:26 +0000"
    },
    "done": true
  },
  "doggytalents:recipes/decorations/beastars_uniform_male": {
    "criteria": {
      "has_wool": "2024-10-13 23:05:28 +0000"
    },
    "done": true
  },
  "minecraft:recipes/decorations/iron_bars": {
    "criteria": {
      "has_iron_ingot": "2024-10-13 23:12:32 +0000"
    },
    "done": true
  },
  "travelersbackpack:recipes/misc/redstone": {
    "criteria": {
      "has_redstone": "2024-10-13 23:17:44 +0000"
    },
    "done": true
  },
  "refurbished_furniture:recipes/misc/constructing/brown_grill": {
    "criteria": {
      "has_iron_ingot": "2024-10-13 23:12:32 +0000"
    },
    "done": true
  },
  "doggytalents:recipes/decorations/tengu_mask": {
    "criteria": {
      "has_string": "2024-10-13 23:11:05 +0000"
    },
    "done": true
  },
  "refurbished_furniture:recipes/misc/constructing/television": {
    "criteria": {
      "has_iron_ingot": "2024-10-13 23:12:32 +0000"
    },
    "done": true
  },
  "travelersbackpack:recipes/misc/iron_tier_upgrade": {
    "criteria": {
      "has_iron_ingot": "2024-10-13 23:12:32 +0000"
    },
    "done": true
  },
  "justhammers:recipes/tools/iron_hammer": {
    "criteria": {
      "has_material": "2024-10-13 23:12:32 +0000"
    },
    "done": true
  },
  "refurbished_furniture:recipes/misc/constructing/gray_lamp": {
    "criteria": {
      "has_planks": "2024-10-13 22:58:04 +0000"
    },
    "done": true
  },
  "refurbished_furniture:recipes/misc/constructing/spruce_basin": {
    "criteria": {
      "has_iron_ingot": "2024-10-13 23:12:32 +0000"
    },
    "done": true
  },
  "refurbished_furniture:recipes/misc/constructing/jungle_basin": {
    "criteria": {
      "has_iron_ingot": "2024-10-13 23:12:32 +0000"
    },
    "done": true
  },
  "ecologics:recipes/food/mushroom_stew_from_coconut_husk": {
    "criteria": {
      "has_brown_mushroom": "2024-10-13 23:14:50 +0000"
    },
    "done": true
  },
  "refurbished_furniture:recipes/misc/constructing/light_blue_sofa": {
    "criteria": {
      "has_planks": "2024-10-13 22:58:04 +0000"
    },
    "done": true
  },
  "travelersbackpack:recipes/misc/hose_nozzle": {
    "criteria": {
      "has_iron": "2024-10-13 23:12:32 +0000"
    },
    "done": true
  },
  "refurbished_furniture:recipes/misc/constructing/pink_trampoline": {
    "criteria": {
      "has_string": "2024-10-13 23:11:05 +0000"
    },
    "done": true
  },
  "refurbished_furniture:recipes/misc/constructing/birch_drawer": {
    "criteria": {
      "has_birch_planks": "2024-10-13 22:58:04 +0000"
    },
    "done": true
  },
  "refurbished_furniture:recipes/misc/constructing/birch_table": {
    "criteria": {
      "has_birch_planks": "2024-10-13 22:58:04 +0000"
    },
    "done": true
  },
  "refurbished_furniture:recipes/misc/constructing/black_sofa": {
    "criteria": {
      "has_planks": "2024-10-13 22:58:04 +0000"
    },
    "done": true
  },
  "refurbished_furniture:recipes/misc/constructing/purple_sofa": {
    "criteria": {
      "has_planks": "2024-10-13 22:58:04 +0000"
    },
    "done": true
  },
  "farmersdelight:recipes/cooking/beef_stew": {
    "criteria": {
      "has_any_ingredient": "2024-10-13 23:06:26 +0000"
    },
    "done": true
  },
  "minecraft:recipes/food/cooked_mutton": {
    "criteria": {
      "has_mutton": "2024-10-13 23:05:27 +0000"
    },
    "done": true
  },
  "more_slabs_stairs_and_walls:recipes/building_blocks/dirt_stairs": {
    "criteria": {
      "has_dirt": "2024-10-13 22:58:53 +0000"
    },
    "done": true
  },
  "minecraft:recipes/decorations/white_banner": {
    "criteria": {
      "has_white_wool": "2024-10-13 23:05:28 +0000"
    },
    "done": true
  },
  "refurbished_furniture:recipes/misc/constructing/gray_cooler": {
    "criteria": {
      "has_planks": "2024-10-13 22:58:04 +0000"
    },
    "done": true
  },
  "refurbished_furniture:recipes/misc/constructing/birch_kitchen_storage_cabinet": {
    "criteria": {
      "has_birch_planks": "2024-10-13 22:58:04 +0000"
    },
    "done": true
  },
  "doggytalents:recipes/decorations/locator_orb_jin": {
    "criteria": {
      "has_string": "2024-10-13 23:11:05 +0000"
    },
    "done": true
  },
  "fusion:sinisite_bow": {
    "criteria": {
      "has_item": "2024-10-13 23:11:05 +0000"
    },
    "done": true
  },
  "minecraft:story/upgrade_tools": {
    "criteria": {
      "stone_pickaxe": "2024-10-13 23:03:49 +0000"
    },
    "done": true
  },
  "more_slabs_stairs_and_walls:recipes/building_blocks/black_wool_wall_from_black_wool_stonecutting": {
    "criteria": {
      "has_black_wool": "2024-10-13 23:05:29 +0000"
    },
    "done": true
  },
  "refurbished_furniture:recipes/misc/constructing/light_gray_stool": {
    "criteria": {
      "has_planks": "2024-10-13 22:58:04 +0000"
    },
    "done": true
  },
  "farmersdelight:recipes/cooking/bone_broth": {
    "criteria": {
      "has_bone": "2024-10-13 22:58:23 +0000"
    },
    "done": true
  },
  "travelersbackpack:recipes/misc/wolf": {
    "criteria": {
      "has_bone": "2024-10-13 22:58:23 +0000"
    },
    "done": true
  },
  "refurbished_furniture:recipes/misc/constructing/white_stool": {
    "criteria": {
      "has_planks": "2024-10-13 22:58:04 +0000"
    },
    "done": true
  },
  "refurbished_furniture:recipes/misc/constructing/orange_grill": {
    "criteria": {
      "has_iron_ingot": "2024-10-13 23:12:32 +0000"
    },
    "done": true
  },
  "minecraft:recipes/redstone/dropper": {
    "criteria": {
      "has_redstone": "2024-10-13 23:17:44 +0000"
    },
    "done": true
  },
  "doggytalents:recipes/decorations/kitsune_mask": {
    "criteria": {
      "has_string": "2024-10-13 23:11:05 +0000"
    },
    "done": true
  },
  "more_slabs_stairs_and_walls:recipes/building_blocks/honey_block_wall_from_honey_block_stonecutting": {
    "criteria": {
      "has_honey_block": "2024-10-13 23:12:29 +0000"
    },
    "done": true
  },
  "refurbished_furniture:recipes/misc/constructing/yellow_stool": {
    "criteria": {
      "has_planks": "2024-10-13 22:58:04 +0000"
    },
    "done": true
  },
  "minecraft:recipes/redstone/birch_trapdoor": {
    "criteria": {
      "has_planks": "2024-10-13 22:58:04 +0000"
    },
    "done": true
  },
  "refurbished_furniture:recipes/misc/constructing/black_lamp": {
    "criteria": {
      "has_planks": "2024-10-13 22:58:04 +0000"
    },
    "done": true
  },
  "minecraft:recipes/food/cooked_mutton_from_campfire_cooking": {
    "criteria": {
      "has_mutton": "2024-10-13 23:05:27 +0000"
    },
    "done": true
  },
  "more_slabs_stairs_and_walls:recipes/building_blocks/black_wool_slab": {
    "criteria": {
      "has_black_wool": "2024-10-13 23:05:29 +0000"
    },
    "done": true
  },
  "farmersdelight:recipes/cooking/pasta_with_mutton_chop": {
    "criteria": {
      "has_any_ingredient": "2024-10-13 23:05:27 +0000"
    },
    "done": true
  },
  "refurbished_furniture:recipes/misc/constructing/light_range_hood": {
    "criteria": {
      "has_iron_ingot": "2024-10-13 23:12:32 +0000"
    },
    "done": true
  },
  "refurbished_furniture:recipes/misc/constructing/birch_mail_box": {
    "criteria": {
      "has_birch_planks": "2024-10-13 22:58:04 +0000"
    },
    "done": true
  },
  "refurbished_furniture:recipes/misc/constructing/pink_lamp": {
    "criteria": {
      "has_planks": "2024-10-13 22:58:04 +0000"
    },
    "done": true
  },
  "refurbished_furniture:recipes/misc/constructing/lime_cooler": {
    "criteria": {
      "has_planks": "2024-10-13 22:58:04 +0000"
    },
    "done": true
  },
  "refurbished_furniture:recipes/misc/constructing/oak_storage_cabinet": {
    "criteria": {
      "has_iron_ingot": "2024-10-13 23:12:32 +0000"
    },
    "done": true
  },
  "refurbished_furniture:recipes/misc/constructing/spruce_storage_cabinet": {
    "criteria": {
      "has_iron_ingot": "2024-10-13 23:12:32 +0000"
    },
    "done": true
  },
  "minecraft:recipes/building_blocks/white_wool_from_string": {
    "criteria": {
      "has_string": "2024-10-13 23:11:05 +0000"
    },
    "done": true
  },
  "refurbished_furniture:recipes/misc/constructing/cherry_toilet": {
    "criteria": {
      "has_iron_ingot": "2024-10-13 23:12:32 +0000"
    },
    "done": true
  },
  "refurbished_furniture:recipes/misc/constructing/gray_stool": {
    "criteria": {
      "has_planks": "2024-10-13 22:58:04 +0000"
    },
    "done": true
  },
  "travelersbackpack:recipes/misc/lapis": {
    "criteria": {
      "has_lapis_lazuli": "2024-10-13 23:21:01 +0000"
    },
    "done": true
  },
  "doggytalents:recipes/decorations/locator_orb_chu": {
    "criteria": {
      "has_string": "2024-10-13 23:11:05 +0000"
    },
    "done": true
  },
  "doggytalents:recipes/decorations/locator_orb_chi": {
    "criteria": {
      "has_string": "2024-10-13 23:11:05 +0000"
    },
    "done": true
  },
  "refurbished_furniture:recipes/misc/constructing/pink_cooler": {
    "criteria": {
      "has_planks": "2024-10-13 22:58:04 +0000"
    },
    "done": true
  },
  "minecraft:recipes/tools/iron_axe": {
    "criteria": {
      "has_iron_ingot": "2024-10-13 23:12:32 +0000"
    },
    "done": true
  },
  "refurbished_furniture:recipes/misc/constructing/white_sofa": {
    "criteria": {
      "has_planks": "2024-10-13 22:58:04 +0000"
    },
    "done": true
  },
  "minecraft:recipes/misc/iron_nugget_from_blasting": {
    "criteria": {
      "has_iron_shovel": "2024-10-13 23:12:33 +0000"
    },
    "done": true
  },
  "farmersdelight:recipes/food/mutton_wrap": {
    "criteria": {
      "has_mutton": "2024-10-13 23:08:53 +0000"
    },
    "done": true
  },
  "minecraft:adventure/kill_a_mob": {
    "criteria": {
      "minecraft:skeleton": "2024-10-13 22:58:23 +0000"
    },
    "done": true
  },
  "doggytalents:recipes/tools/conducting_bone": {
    "criteria": {
      "has_bone": "2024-10-13 22:58:23 +0000"
    },
    "done": true
  },
  "doggytalents:recipes/decorations/locator_orb_tei": {
    "criteria": {
      "has_string": "2024-10-13 23:11:05 +0000"
    },
    "done": true
  },
  "more_slabs_stairs_and_walls:recipes/building_blocks/white_wool_slab": {
    "criteria": {
      "has_white_wool": "2024-10-13 23:05:28 +0000"
    },
    "done": true
  },
  "refurbished_furniture:recipes/misc/constructing/dark_oak_desk": {
    "criteria": {
      "has_dark_oak_planks": "2024-10-13 23:11:57 +0000"
    },
    "done": true
  },
  "refurbished_furniture:recipes/misc/constructing/cyan_sofa": {
    "criteria": {
      "has_planks": "2024-10-13 22:58:04 +0000"
    },
    "done": true
  },
  "minecraft:recipes/building_blocks/cobblestone_stairs_from_cobblestone_stonecutting": {
    "criteria": {
      "has_cobblestone": "2024-10-13 22:58:55 +0000"
    },
    "done": true
  },
  "refurbished_furniture:recipes/misc/constructing/yellow_cooler": {
    "criteria": {
      "has_planks": "2024-10-13 22:58:04 +0000"
    },
    "done": true
  },
  "travelersbackpack:recipes/misc/bookshelf": {
    "criteria": {
      "has_book": "2024-10-13 23:12:39 +0000"
    },
    "done": true
  },
  "minecraft:recipes/redstone/birch_pressure_plate": {
    "criteria": {
      "has_planks": "2024-10-13 22:58:04 +0000"
    },
    "done": true
  },
  "moredelight:recipes/food/toast_with_sweet_berries": {
    "criteria": {
      "has_sweet_berries": "2024-10-13 23:14:47 +0000"
    },
    "done": true
  },
  "refurbished_furniture:recipes/misc/constructing/light_gray_grill": {
    "criteria": {
      "has_iron_ingot": "2024-10-13 23:12:32 +0000"
    },
    "done": true
  },
  "refurbished_furniture:recipes/misc/constructing/yellow_grill": {
    "criteria": {
      "has_iron_ingot": "2024-10-13 23:12:32 +0000"
    },
    "done": true
  },
  "minecraft:recipes/food/mushroom_stew": {
    "criteria": {
      "has_brown_mushroom": "2024-10-13 23:14:50 +0000"
    },
    "done": true
  },
  "refurbished_furniture:recipes/frying/sweet_berry_jam": {
    "criteria": {
      "has_ingredient": "2024-10-13 23:14:47 +0000"
    },
    "done": true
  },
  "minecraft:husbandry/balanced_diet": {
    "criteria": {
      "cooked_mutton": "2024-10-13 23:08:56 +0000",
      "sweet_berries": "2024-10-13 23:15:03 +0000",
      "cooked_beef": "2024-10-13 23:17:14 +0000",
      "porkchop": "2024-10-13 23:01:35 +0000"
    },
    "done": false
  },
  "refurbished_furniture:recipes/misc/constructing/black_stool": {
    "criteria": {
      "has_planks": "2024-10-13 22:58:04 +0000"
    },
    "done": true
  },
  "more_slabs_stairs_and_walls:recipes/building_blocks/white_wool_slab_from_white_wool_stonecutting": {
    "criteria": {
      "has_white_wool": "2024-10-13 23:05:28 +0000"
    },
    "done": true
  },
  "refurbished_furniture:recipes/misc/constructing/blue_cooler": {
    "criteria": {
      "has_planks": "2024-10-13 22:58:04 +0000"
    },
    "done": true
  },
  "doggytalents:recipes/decorations/locator_orb_ko": {
    "criteria": {
      "has_string": "2024-10-13 23:11:05 +0000"
    },
    "done": true
  },
  "minecraft:recipes/tools/stone_hoe": {
    "criteria": {
      "has_cobblestone": "2024-10-13 22:58:55 +0000"
    },
    "done": true
  },
  "refurbished_furniture:recipes/misc/constructing/dark_oak_light_ceiling_fan": {
    "criteria": {
      "has_dark_oak_planks": "2024-10-13 23:11:57 +0000"
    },
    "done": true
  },
  "refurbished_furniture:recipes/misc/constructing/orange_cooler": {
    "criteria": {
      "has_planks": "2024-10-13 22:58:04 +0000"
    },
    "done": true
  },
  "doggytalents:recipes/building_blocks/dog_bed_def": {
    "criteria": {
      "has_wool": "2024-10-13 23:05:28 +0000"
    },
    "done": true
  },
  "refurbished_furniture:recipes/misc/constructing/purple_trampoline": {
    "criteria": {
      "has_string": "2024-10-13 23:11:05 +0000"
    },
    "done": true
  },
  "minecraft:recipes/decorations/loom": {
    "criteria": {
      "has_string": "2024-10-13 23:11:05 +0000"
    },
    "done": true
  },
  "refurbished_furniture:recipes/misc/constructing/cyan_lamp": {
    "criteria": {
      "has_planks": "2024-10-13 22:58:04 +0000"
    },
    "done": true
  },
  "doggytalents:recipes/decorations/locator_orb_gi": {
    "criteria": {
      "has_string": "2024-10-13 23:11:05 +0000"
    },
    "done": true
  },
  "rechiseled:recipes/misc/chisel": {
    "criteria": {
      "recipe_condition": "2024-10-13 23:12:32 +0000"
    },
    "done": true
  },
  "refurbished_furniture:recipes/misc/constructing/gray_sofa": {
    "criteria": {
      "has_planks": "2024-10-13 22:58:04 +0000"
    },
    "done": true
  },
  "minecraft:story/root": {
    "criteria": {
      "crafting_table": "2024-10-13 22:58:09 +0000"
    },
    "done": true
  },
  "doggytalents:recipes/building_blocks/dog_bath": {
    "criteria": {
      "has_iron_ingot": "2024-10-13 23:12:32 +0000"
    },
    "done": true
  },
  "refurbished_furniture:recipes/misc/constructing/mangrove_storage_cabinet": {
    "criteria": {
      "has_iron_ingot": "2024-10-13 23:12:32 +0000"
    },
    "done": true
  },
  "doggytalents:recipes/building_blocks/food_bowl": {
    "criteria": {
      "has_iron_ingot": "2024-10-13 23:12:32 +0000"
    },
    "done": true
  },
  "refurbished_furniture:recipes/misc/constructing/purple_lamp": {
    "criteria": {
      "has_planks": "2024-10-13 22:58:04 +0000"
    },
    "done": true
  },
  "minecraft:recipes/redstone/iron_door": {
    "criteria": {
      "has_iron_ingot": "2024-10-13 23:12:32 +0000"
    },
    "done": true
  },
  "doggytalents:recipes/decorations/beastars_uniform_female": {
    "criteria": {
      "has_wool": "2024-10-13 23:05:28 +0000"
    },
    "done": true
  },
  "more_slabs_stairs_and_walls:recipes/building_blocks/birch_log_slab": {
    "criteria": {
      "has_birch_log": "2024-10-13 22:57:37 +0000"
    },
    "done": true
  },
  "minecraft:recipes/redstone/piston": {
    "criteria": {
      "has_redstone": "2024-10-13 23:17:44 +0000"
    },
    "done": true
  },
  "minecraft:recipes/food/cooked_beef_from_campfire_cooking": {
    "criteria": {
      "has_beef": "2024-10-13 23:06:26 +0000"
    },
    "done": true
  },
  "refurbished_furniture:recipes/misc/constructing/warped_toilet": {
    "criteria": {
      "has_iron_ingot": "2024-10-13 23:12:32 +0000"
    },
    "done": true
  },
  "refurbished_furniture:recipes/misc/constructing/pink_stool": {
    "criteria": {
      "has_planks": "2024-10-13 22:58:04 +0000"
    },
    "done": true
  },
  "DataVersion": 3465
}