{
  "refurbished_furniture:recipes/misc/constructing/purple_stool": {
    "criteria": {
      "has_planks": "2024-10-13 22:56:27 +0000"
    },
    "done": true
  },
  "minecraft:recipes/combat/leather_helmet": {
    "criteria": {
      "has_leather": "2024-10-13 23:11:12 +0000"
    },
    "done": true
  },
  "minecraft:recipes/decorations/ladder": {
    "criteria": {
      "has_stick": "2024-10-13 22:57:01 +0000"
    },
    "done": true
  },
  "refurbished_furniture:recipes/misc/constructing/lime_grill": {
    "criteria": {
      "has_iron_ingot": "2024-10-13 23:13:44 +0000"
    },
    "done": true
  },
  "refurbished_furniture:recipes/misc/constructing/oak_toilet": {
    "criteria": {
      "has_iron_ingot": "2024-10-13 23:13:44 +0000"
    },
    "done": true
  },
  "refurbished_furniture:recipes/misc/constructing/crimson_lattice_fence": {
    "criteria": {
      "has_stick": "2024-10-13 22:57:01 +0000"
    },
    "done": true
  },
  "refurbished_furniture:recipes/misc/constructing/birch_crate": {
    "criteria": {
      "has_birch_planks": "2024-10-13 22:56:27 +0000"
    },
    "done": true
  },
  "refurbished_furniture:recipes/misc/constructing/jungle_lattice_fence": {
    "criteria": {
      "has_stick": "2024-10-13 22:57:01 +0000"
    },
    "done": true
  },
  "deeperdarker:recipes/transportation/echo_boat": {
    "criteria": {
      "in_water": "2024-10-13 23:19:24 +0000"
    },
    "done": true
  },
  "refurbished_furniture:recipes/misc/constructing/spruce_lattice_fence_gate": {
    "criteria": {
      "has_stick": "2024-10-13 22:57:01 +0000"
    },
    "done": true
  },
  "refurbished_furniture:recipes/misc/constructing/green_stool": {
    "criteria": {
      "has_planks": "2024-10-13 22:56:27 +0000"
    },
    "done": true
  },
  "paraglider:root": {
    "criteria": {
      "crafting_table": "2024-10-13 22:57:03 +0000"
    },
    "done": true
  },
  "refurbished_furniture:recipes/misc/constructing/yellow_lamp": {
    "criteria": {
      "has_planks": "2024-10-13 22:56:27 +0000"
    },
    "done": true
  },
  "minecraft:recipes/redstone/birch_button": {
    "criteria": {
      "has_planks": "2024-10-13 22:56:27 +0000"
    },
    "done": true
  },
  "refurbished_furniture:recipes/misc/constructing/oak_kitchen_drawer": {
    "criteria": {
      "has_oak_planks": "2024-10-13 23:15:03 +0000"
    },
    "done": true
  },
  "refurbished_furniture:recipes/misc/constructing/dark_oak_toilet": {
    "criteria": {
      "has_iron_ingot": "2024-10-13 23:13:44 +0000"
    },
    "done": true
  },
  "minecraft:recipes/decorations/oak_sign": {
    "criteria": {
      "has_planks": "2024-10-13 23:15:03 +0000"
    },
    "done": true
  },
  "ecologics:recipes/ecologics/azalea_boat": {
    "criteria": {
      "in_water": "2024-10-13 23:19:24 +0000"
    },
    "done": true
  },
  "refurbished_furniture:recipes/misc/constructing/cherry_bath": {
    "criteria": {
      "has_iron_ingot": "2024-10-13 23:13:44 +0000"
    },
    "done": true
  },
  "refurbished_furniture:recipes/misc/spatula": {
    "criteria": {
      "has_leather": "2024-10-13 23:11:12 +0000"
    },
    "done": true
  },
  "refurbished_furniture:recipes/misc/constructing/acacia_bath": {
    "criteria": {
      "has_iron_ingot": "2024-10-13 23:13:44 +0000"
    },
    "done": true
  },
  "refurbished_furniture:recipes/misc/constructing/red_lamp": {
    "criteria": {
      "has_planks": "2024-10-13 22:56:27 +0000"
    },
    "done": true
  },
  "refurbished_furniture:recipes/misc/constructing/birch_cutting_board": {
    "criteria": {
      "has_birch_planks": "2024-10-13 22:56:27 +0000"
    },
    "done": true
  },
  "refurbished_furniture:recipes/misc/dark_electricity_generator": {
    "criteria": {
      "has_iron_ingot": "2024-10-13 23:13:44 +0000"
    },
    "done": true
  },
  "travelersbackpack:recipes/misc/backpack_tank": {
    "criteria": {
      "has_iron": "2024-10-13 23:13:44 +0000"
    },
    "done": true
  },
  "refurbished_furniture:recipes/misc/constructing/crimson_storage_cabinet": {
    "criteria": {
      "has_iron_ingot": "2024-10-13 23:13:44 +0000"
    },
    "done": true
  },
  "refurbished_furniture:recipes/misc/constructing/orange_lamp": {
    "criteria": {
      "has_planks": "2024-10-13 22:56:27 +0000"
    },
    "done": true
  },
  "refurbished_furniture:recipes/misc/constructing/white_grill": {
    "criteria": {
      "has_iron_ingot": "2024-10-13 23:13:44 +0000"
    },
    "done": true
  },
  "doggytalents:recipes/decorations/superdog_suit": {
    "criteria": {
      "has_iron_ingot": "2024-10-13 23:13:44 +0000"
    },
    "done": true
  },
  "refurbished_furniture:recipes/misc/constructing/dark_oak_lattice_fence_gate": {
    "criteria": {
      "has_stick": "2024-10-13 22:57:01 +0000"
    },
    "done": true
  },
  "refurbished_furniture:recipes/misc/constructing/pink_grill": {
    "criteria": {
      "has_iron_ingot": "2024-10-13 23:13:44 +0000"
    },
    "done": true
  },
  "more_slabs_stairs_and_walls:recipes/building_blocks/grass_block_wall_from_grass_block_stonecutting": {
    "criteria": {
      "has_grass_block": "2024-10-13 23:17:46 +0000"
    },
    "done": true
  },
  "doggytalents:recipes/combat/sussy_sickle": {
    "criteria": {
      "has_iron_ingot": "2024-10-13 23:13:44 +0000"
    },
    "done": true
  },
  "refurbished_furniture:recipes/misc/constructing/crimson_toilet": {
    "criteria": {
      "has_iron_ingot": "2024-10-13 23:13:44 +0000"
    },
    "done": true
  },
  "doggytalents:recipes/decorations/pianist_suit": {
    "criteria": {
      "has_string": "2024-10-13 23:20:08 +0000"
    },
    "done": true
  },
  "refurbished_furniture:recipes/misc/constructing/birch_kitchen_sink": {
    "criteria": {
      "has_birch_planks": "2024-10-13 22:56:27 +0000"
    },
    "done": true
  },
  "minecraft:recipes/combat/iron_helmet": {
    "criteria": {
      "has_iron_ingot": "2024-10-13 23:13:44 +0000"
    },
    "done": true
  },
  "doggytalents:recipes/decorations/bowtie": {
    "criteria": {
      "has_string": "2024-10-13 23:20:08 +0000"
    },
    "done": true
  },
  "minecraft:story/mine_stone": {
    "criteria": {
      "get_stone": "2024-10-13 22:58:55 +0000"
    },
    "done": true
  },
  "minecraft:recipes/decorations/furnace": {
    "criteria": {
      "has_cobblestone": "2024-10-13 22:58:55 +0000"
    },
    "done": true
  },
  "refurbished_furniture:recipes/misc/constructing/orange_trampoline": {
    "criteria": {
      "has_iron_ingot": "2024-10-13 23:13:44 +0000"
    },
    "done": true
  },
  "doggytalents:recipes/decorations/sunglasses": {
    "criteria": {
      "has_stick": "2024-10-13 22:57:01 +0000"
    },
    "done": true
  },
  "refurbished_furniture:recipes/misc/constructing/light_toaster": {
    "criteria": {
      "has_iron_ingot": "2024-10-13 23:13:44 +0000"
    },
    "done": true
  },
  "refurbished_furniture:recipes/misc/constructing/cyan_trampoline": {
    "criteria": {
      "has_iron_ingot": "2024-10-13 23:13:44 +0000"
    },
    "done": true
  },
  "refurbished_furniture:recipes/misc/constructing/black_grill": {
    "criteria": {
      "has_iron_ingot": "2024-10-13 23:13:44 +0000"
    },
    "done": true
  },
  "minecraft:recipes/redstone/birch_door": {
    "criteria": {
      "has_planks": "2024-10-13 22:56:27 +0000"
    },
    "done": true
  },
  "minecraft:recipes/decorations/birch_fence": {
    "criteria": {
      "has_planks": "2024-10-13 22:56:27 +0000"
    },
    "done": true
  },
  "minecraft:recipes/decorations/sandstone_wall_from_sandstone_stonecutting": {
    "criteria": {
      "has_sandstone": "2024-10-13 23:20:49 +0000"
    },
    "done": true
  },
  "minecraft:recipes/tools/wooden_axe": {
    "criteria": {
      "has_stick": "2024-10-13 22:57:01 +0000"
    },
    "done": true
  },
  "refurbished_furniture:recipes/misc/constructing/dark_oak_storage_cabinet": {
    "criteria": {
      "has_iron_ingot": "2024-10-13 23:13:44 +0000"
    },
    "done": true
  },
  "refurbished_furniture:recipes/misc/constructing/white_lamp": {
    "criteria": {
      "has_planks": "2024-10-13 22:56:27 +0000"
    },
    "done": true
  },
  "more_slabs_stairs_and_walls:recipes/building_blocks/oak_planks_wall_from_oak_planks_stonecutting": {
    "criteria": {
      "has_oak_planks": "2024-10-13 23:15:03 +0000"
    },
    "done": true
  },
  "doggytalents:recipes/tools/whistle": {
    "criteria": {
      "has_iron_ingot": "2024-10-13 23:13:44 +0000"
    },
    "done": true
  },
  "minecraft:recipes/building_blocks/cut_sandstone": {
    "criteria": {
      "has_sandstone": "2024-10-13 23:20:49 +0000"
    },
    "done": true
  },
  "doggytalents:recipes/decorations/plague_doctor_mask": {
    "criteria": {
      "has_leather": "2024-10-13 23:11:12 +0000"
    },
    "done": true
  },
  "minecraft:recipes/combat/leather_chestplate": {
    "criteria": {
      "has_leather": "2024-10-13 23:11:12 +0000"
    },
    "done": true
  },
  "refurbished_furniture:recipes/misc/constructing/yellow_sofa": {
    "criteria": {
      "has_planks": "2024-10-13 22:56:27 +0000"
    },
    "done": true
  },
  "doggytalents:recipes/decorations/giant_stick": {
    "criteria": {
      "has_stick": "2024-10-13 22:57:01 +0000"
    },
    "done": true
  },
  "more_slabs_stairs_and_walls:recipes/building_blocks/grass_block_slab": {
    "criteria": {
      "has_grass_block": "2024-10-13 23:17:46 +0000"
    },
    "done": true
  },
  "travelersbackpack:recipes/misc/crafting_upgrade": {
    "criteria": {
      "has_crafting_table": "2024-10-13 22:57:03 +0000"
    },
    "done": true
  },
  "refurbished_furniture:recipes/misc/constructing/orange_sofa": {
    "criteria": {
      "has_planks": "2024-10-13 22:56:27 +0000"
    },
    "done": true
  },
  "minecraft:recipes/decorations/crafting_table": {
    "criteria": {
      "unlock_right_away": "2024-10-13 22:54:13 +0000"
    },
    "done": true
  },
  "minecraft:recipes/decorations/chest": {
    "criteria": {
      "has_lots_of_items": "2024-10-13 23:01:34 +0000"
    },
    "done": true
  },
  "more_slabs_stairs_and_walls:recipes/building_blocks/birch_log_stairs_from_birch_log_stonecutting": {
    "criteria": {
      "has_birch_log": "2024-10-13 22:56:06 +0000"
    },
    "done": true
  },
  "minecraft:recipes/tools/shears": {
    "criteria": {
      "has_iron_ingot": "2024-10-13 23:13:44 +0000"
    },
    "done": true
  },
  "minecraft:recipes/misc/stick": {
    "criteria": {
      "has_planks": "2024-10-13 22:56:27 +0000"
    },
    "done": true
  },
  "doggytalents:recipes/decorations/propeller_hat": {
    "criteria": {
      "has_iron_ingot": "2024-10-13 23:13:44 +0000"
    },
    "done": true
  },
  "mcwfurnitures:recipes/birch": {
    "criteria": {
      "has_wood": "2024-10-13 22:56:06 +0000"
    },
    "done": true
  },
  "refurbished_furniture:recipes/misc/constructing/oak_crate": {
    "criteria": {
      "has_oak_planks": "2024-10-13 23:15:03 +0000"
    },
    "done": true
  },
  "minecraft:adventure/sleep_in_bed": {
    "criteria": {
      "slept_in_bed": "2024-10-13 23:12:46 +0000"
    },
    "done": true
  },
  "minecraft:recipes/building_blocks/cobblestone_slab_from_cobblestone_stonecutting": {
    "criteria": {
      "has_cobblestone": "2024-10-13 22:58:55 +0000"
    },
    "done": true
  },
  "refurbished_furniture:recipes/misc/constructing/birch_kitchen_drawer": {
    "criteria": {
      "has_birch_planks": "2024-10-13 22:56:27 +0000"
    },
    "done": true
  },
  "minecraft:recipes/decorations/birch_sign": {
    "criteria": {
      "has_planks": "2024-10-13 22:56:27 +0000"
    },
    "done": true
  },
  "minecraft:recipes/transportation/cherry_boat": {
    "criteria": {
      "in_water": "2024-10-13 23:19:24 +0000"
    },
    "done": true
  },
  "refurbished_furniture:recipes/misc/constructing/gray_grill": {
    "criteria": {
      "has_iron_ingot": "2024-10-13 23:13:44 +0000"
    },
    "done": true
  },
  "minecraft:adventure/kill_all_mobs": {
    "criteria": {
      "minecraft:spider": "2024-10-13 23:20:08 +0000",
      "minecraft:enderman": "2024-10-13 23:17:40 +0000",
      "minecraft:zombie": "2024-10-13 23:13:47 +0000"
    },
    "done": false
  },
  "minecraft:recipes/building_blocks/birch_wood": {
    "criteria": {
      "has_log": "2024-10-13 22:56:06 +0000"
    },
    "done": true
  },
  "refurbished_furniture:recipes/misc/constructing/birch_bath": {
    "criteria": {
      "has_birch_planks": "2024-10-13 22:56:27 +0000"
    },
    "done": true
  },
  "refurbished_furniture:recipes/misc/constructing/oak_light_ceiling_fan": {
    "criteria": {
      "has_iron_ingot": "2024-10-13 23:13:44 +0000"
    },
    "done": true
  },
  "refurbished_furniture:recipes/misc/constructing/brown_trampoline": {
    "criteria": {
      "has_iron_ingot": "2024-10-13 23:13:44 +0000"
    },
    "done": true
  },
  "refurbished_furniture:recipes/misc/constructing/spruce_bath": {
    "criteria": {
      "has_iron_ingot": "2024-10-13 23:13:44 +0000"
    },
    "done": true
  },
  "refurbished_furniture:recipes/misc/constructing/crimson_light_ceiling_fan": {
    "criteria": {
      "has_iron_ingot": "2024-10-13 23:13:44 +0000"
    },
    "done": true
  },
  "minecraft:recipes/building_blocks/iron_block": {
    "criteria": {
      "has_iron_ingot": "2024-10-13 23:13:44 +0000"
    },
    "done": true
  },
  "minecraft:recipes/misc/red_dye_from_poppy": {
    "criteria": {
      "has_poppy": "2024-10-13 23:13:44 +0000"
    },
    "done": true
  },
  "mowziesmobs:root": {
    "criteria": {
      "custom_test_name": "2024-10-13 22:54:13 +0000"
    },
    "done": true
  },
  "refurbished_furniture:recipes/misc/constructing/birch_storage_cabinet": {
    "criteria": {
      "has_birch_planks": "2024-10-13 22:56:27 +0000"
    },
    "done": true
  },
  "refurbished_furniture:recipes/misc/constructing/light_microwave": {
    "criteria": {
      "has_iron_ingot": "2024-10-13 23:13:44 +0000"
    },
    "done": true
  },
  "refurbished_furniture:recipes/misc/constructing/cyan_grill": {
    "criteria": {
      "has_iron_ingot": "2024-10-13 23:13:44 +0000"
    },
    "done": true
  },
  "minecraft:recipes/redstone/tripwire_hook": {
    "criteria": {
      "has_string": "2024-10-13 23:20:08 +0000"
    },
    "done": true
  },
  "minecraft:recipes/redstone/birch_fence_gate": {
    "criteria": {
      "has_planks": "2024-10-13 22:56:27 +0000"
    },
    "done": true
  },
  "farmersdelight:recipes/decorations/cooking_pot": {
    "criteria": {
      "has_iron_ingot": "2024-10-13 23:13:44 +0000"
    },
    "done": true
  },
  "refurbished_furniture:recipes/misc/constructing/oak_lattice_fence_gate": {
    "criteria": {
      "has_stick": "2024-10-13 22:57:01 +0000"
    },
    "done": true
  },
  "minecraft:recipes/building_blocks/stone": {
    "criteria": {
      "has_cobblestone": "2024-10-13 22:58:55 +0000"
    },
    "done": true
  },
  "refurbished_furniture:recipes/misc/constructing/birch_toilet": {
    "criteria": {
      "has_birch_planks": "2024-10-13 22:56:27 +0000"
    },
    "done": true
  },
  "minecraft:recipes/transportation/bamboo_raft": {
    "criteria": {
      "in_water": "2024-10-13 23:19:24 +0000"
    },
    "done": true
  },
  "refurbished_furniture:recipes/misc/constructing/acacia_light_ceiling_fan": {
    "criteria": {
      "has_iron_ingot": "2024-10-13 23:13:44 +0000"
    },
    "done": true
  },
  "refurbished_furniture:recipes/misc/constructing/light_blue_trampoline": {
    "criteria": {
      "has_iron_ingot": "2024-10-13 23:13:44 +0000"
    },
    "done": true
  },
  "refurbished_furniture:recipes/misc/constructing/crimson_basin": {
    "criteria": {
      "has_iron_ingot": "2024-10-13 23:13:44 +0000"
    },
    "done": true
  },
  "doggytalents:recipes/decorations/wig": {
    "criteria": {
      "has_string": "2024-10-13 23:20:08 +0000"
    },
    "done": true
  },
  "refurbished_furniture:recipes/misc/constructing/magenta_stool": {
    "criteria": {
      "has_planks": "2024-10-13 22:56:27 +0000"
    },
    "done": true
  },
  "mcwdoors:recipes/birch": {
    "criteria": {
      "has_wood": "2024-10-13 22:56:06 +0000"
    },
    "done": true
  },
  "minecraft:recipes/decorations/candle": {
    "criteria": {
      "has_string": "2024-10-13 23:20:08 +0000"
    },
    "done": true
  },
  "refurbished_furniture:recipes/misc/constructing/light_stove": {
    "criteria": {
      "has_iron_ingot": "2024-10-13 23:13:44 +0000"
    },
    "done": true
  },
  "minecraft:recipes/food/bread": {
    "criteria": {
      "has_wheat": "2024-10-13 23:10:00 +0000"
    },
    "done": true
  },
  "refurbished_furniture:recipes/misc/constructing/oak_drawer": {
    "criteria": {
      "has_oak_planks": "2024-10-13 23:15:03 +0000"
    },
    "done": true
  },
  "minecraft:recipes/building_blocks/birch_slab": {
    "criteria": {
      "has_planks": "2024-10-13 22:56:27 +0000"
    },
    "done": true
  },
  "more_slabs_stairs_and_walls:recipes/building_blocks/dirt_stairs_from_dirt_stonecutting": {
    "criteria": {
      "has_dirt": "2024-10-13 22:57:50 +0000"
    },
    "done": true
  },
  "minecraft:recipes/building_blocks/hay_block": {
    "criteria": {
      "has_wheat": "2024-10-13 23:10:00 +0000"
    },
    "done": true
  },
  "minecraft:recipes/misc/leather_horse_armor": {
    "criteria": {
      "has_leather": "2024-10-13 23:11:12 +0000"
    },
    "done": true
  },
  "refurbished_furniture:recipes/misc/constructing/birch_lattice_fence": {
    "criteria": {
      "has_birch_planks": "2024-10-13 22:56:27 +0000"
    },
    "done": true
  },
  "minecraft:recipes/redstone/target": {
    "criteria": {
      "has_hay_block": "2024-10-13 23:09:48 +0000"
    },
    "done": true
  },
  "refurbished_furniture:recipes/misc/constructing/spruce_light_ceiling_fan": {
    "criteria": {
      "has_iron_ingot": "2024-10-13 23:13:44 +0000"
    },
    "done": true
  },
  "refurbished_furniture:recipes/misc/constructing/brown_cooler": {
    "criteria": {
      "has_planks": "2024-10-13 22:56:27 +0000"
    },
    "done": true
  },
  "refurbished_furniture:recipes/misc/constructing/mangrove_toilet": {
    "criteria": {
      "has_iron_ingot": "2024-10-13 23:13:44 +0000"
    },
    "done": true
  },
  "refurbished_furniture:recipes/misc/constructing/purple_cooler": {
    "criteria": {
      "has_planks": "2024-10-13 22:56:27 +0000"
    },
    "done": true
  },
  "doggytalents:recipes/decorations/locator_orb_shin": {
    "criteria": {
      "has_string": "2024-10-13 23:20:08 +0000"
    },
    "done": true
  },
  "refurbished_furniture:recipes/misc/constructing/warped_storage_cabinet": {
    "criteria": {
      "has_iron_ingot": "2024-10-13 23:13:44 +0000"
    },
    "done": true
  },
  "refurbished_furniture:recipes/misc/constructing/red_trampoline": {
    "criteria": {
      "has_iron_ingot": "2024-10-13 23:13:44 +0000"
    },
    "done": true
  },
  "refurbished_furniture:recipes/misc/constructing/cyan_cooler": {
    "criteria": {
      "has_planks": "2024-10-13 22:56:27 +0000"
    },
    "done": true
  },
  "travelersbackpack:recipes/misc/horse": {
    "criteria": {
      "has_leather": "2024-10-13 23:11:12 +0000"
    },
    "done": true
  },
  "refurbished_furniture:recipes/misc/constructing/light_gray_cooler": {
    "criteria": {
      "has_planks": "2024-10-13 22:56:27 +0000"
    },
    "done": true
  },
  "more_slabs_stairs_and_walls:recipes/building_blocks/birch_log_wall_from_birch_log_stonecutting": {
    "criteria": {
      "has_birch_log": "2024-10-13 22:56:06 +0000"
    },
    "done": true
  },
  "more_slabs_stairs_and_walls:recipes/building_blocks/birch_log_stairs": {
    "criteria": {
      "has_birch_log": "2024-10-13 22:56:06 +0000"
    },
    "done": true
  },
  "minecraft:recipes/building_blocks/birch_stairs": {
    "criteria": {
      "has_planks": "2024-10-13 22:56:27 +0000"
    },
    "done": true
  },
  "refurbished_furniture:recipes/misc/constructing/red_sofa": {
    "criteria": {
      "has_planks": "2024-10-13 22:56:27 +0000"
    },
    "done": true
  },
  "refurbished_furniture:recipes/misc/constructing/blue_trampoline": {
    "criteria": {
      "has_iron_ingot": "2024-10-13 23:13:44 +0000"
    },
    "done": true
  },
  "moredelight:combat/wooden_knife": {
    "criteria": {
      "has_wood": "2024-10-13 22:57:01 +0000"
    },
    "done": true
  },
  "more_slabs_stairs_and_walls:recipes/building_blocks/dirt_wall": {
    "criteria": {
      "has_dirt": "2024-10-13 22:57:50 +0000"
    },
    "done": true
  },
  "ecologics:recipes/ecologics/walnut_boat": {
    "criteria": {
      "in_water": "2024-10-13 23:19:24 +0000"
    },
    "done": true
  },
  "refurbished_furniture:recipes/misc/constructing/warped_light_ceiling_fan": {
    "criteria": {
      "has_iron_ingot": "2024-10-13 23:13:44 +0000"
    },
    "done": true
  },
  "iceandfire:iceandfire/root": {
    "criteria": {
      "tick": "2024-10-13 22:54:13 +0000"
    },
    "done": true
  },
  "doggytalents:recipes/decorations/tantan_cape": {
    "criteria": {
      "has_leather": "2024-10-13 23:11:12 +0000"
    },
    "done": true
  },
  "moredelight:combat/stone_knife": {
    "criteria": {
      "has_stone": "2024-10-13 22:58:55 +0000"
    },
    "done": true
  },
  "doggytalents:recipes/decorations/bach_wig": {
    "criteria": {
      "has_string": "2024-10-13 23:20:08 +0000"
    },
    "done": true
  },
  "minecraft:recipes/building_blocks/sandstone_stairs": {
    "criteria": {
      "has_sandstone": "2024-10-13 23:20:49 +0000"
    },
    "done": true
  },
  "minecraft:recipes/redstone/hopper": {
    "criteria": {
      "has_iron_ingot": "2024-10-13 23:13:44 +0000"
    },
    "done": true
  },
  "moredelight:recipes/food/steak_sandwich": {
    "criteria": {
      "has_cooked_beef": "2024-10-13 23:01:58 +0000"
    },
    "done": true
  },
  "doggytalents:recipes/decorations/baker_hat": {
    "criteria": {
      "has_bread": "2024-10-13 23:10:04 +0000"
    },
    "done": true
  },
  "travelersbackpack:recipes/misc/iron": {
    "criteria": {
      "has_iron_ingot": "2024-10-13 23:13:44 +0000"
    },
    "done": true
  },
  "refurbished_furniture:recipes/misc/constructing/lime_stool": {
    "criteria": {
      "has_planks": "2024-10-13 22:56:27 +0000"
    },
    "done": true
  },
  "refurbished_furniture:recipes/misc/constructing/warped_bath": {
    "criteria": {
      "has_iron_ingot": "2024-10-13 23:13:44 +0000"
    },
    "done": true
  },
  "refurbished_furniture:recipes/misc/constructing/green_grill": {
    "criteria": {
      "has_iron_ingot": "2024-10-13 23:13:44 +0000"
    },
    "done": true
  },
  "doggytalents:recipes/food/golden_a_five_wagyu": {
    "criteria": {
      "has_cooked_beef": "2024-10-13 23:01:58 +0000"
    },
    "done": true
  },
  "minecraft:recipes/food/cooked_beef_from_smoking": {
    "criteria": {
      "has_beef": "2024-10-13 23:00:14 +0000"
    },
    "done": true
  },
  "refurbished_furniture:recipes/misc/constructing/acacia_basin": {
    "criteria": {
      "has_iron_ingot": "2024-10-13 23:13:44 +0000"
    },
    "done": true
  },
  "refurbished_furniture:recipes/misc/constructing/magenta_lamp": {
    "criteria": {
      "has_planks": "2024-10-13 22:56:27 +0000"
    },
    "done": true
  },
  "minecraft:recipes/food/cooked_porkchop": {
    "criteria": {
      "has_porkchop": "2024-10-13 23:05:17 +0000"
    },
    "done": true
  },
  "minecraft:recipes/building_blocks/oak_slab": {
    "criteria": {
      "has_planks": "2024-10-13 23:15:03 +0000"
    },
    "done": true
  },
  "refurbished_furniture:recipes/misc/constructing/purple_grill": {
    "criteria": {
      "has_iron_ingot": "2024-10-13 23:13:44 +0000"
    },
    "done": true
  },
  "refurbished_furniture:recipes/misc/constructing/acacia_storage_cabinet": {
    "criteria": {
      "has_iron_ingot": "2024-10-13 23:13:44 +0000"
    },
    "done": true
  },
  "minecraft:recipes/combat/iron_boots": {
    "criteria": {
      "has_iron_ingot": "2024-10-13 23:13:44 +0000"
    },
    "done": true
  },
  "minecraft:recipes/building_blocks/birch_planks": {
    "criteria": {
      "has_logs": "2024-10-13 22:56:06 +0000"
    },
    "done": true
  },
  "more_slabs_stairs_and_walls:recipes/building_blocks/birch_log_wall": {
    "criteria": {
      "has_birch_log": "2024-10-13 22:56:06 +0000"
    },
    "done": true
  },
  "refurbished_furniture:recipes/misc/slicing/red_dye_from_poppy": {
    "criteria": {
      "has_poppy": "2024-10-13 23:13:44 +0000"
    },
    "done": true
  },
  "refurbished_furniture:recipes/misc/constructing/light_gray_sofa": {
    "criteria": {
      "has_planks": "2024-10-13 22:56:27 +0000"
    },
    "done": true
  },
  "minecraft:recipes/tools/stone_pickaxe": {
    "criteria": {
      "has_cobblestone": "2024-10-13 22:58:55 +0000"
    },
    "done": true
  },
  "refurbished_furniture:recipes/misc/constructing/frying_pan": {
    "criteria": {
      "has_leather": "2024-10-13 23:11:12 +0000"
    },
    "done": true
  },
  "dungeons_arise:wda_root": {
    "criteria": {
      "WDA": "2024-10-13 22:54:13 +0000"
    },
    "done": true
  },
  "minecraft:recipes/decorations/lantern": {
    "criteria": {
      "has_iron_ingot": "2024-10-13 23:13:44 +0000"
    },
    "done": true
  },
  "minecraft:recipes/building_blocks/cut_sandstone_from_sandstone_stonecutting": {
    "criteria": {
      "has_sandstone": "2024-10-13 23:20:49 +0000"
    },
    "done": true
  },
  "minecraft:recipes/decorations/campfire": {
    "criteria": {
      "has_stick": "2024-10-13 22:57:01 +0000"
    },
    "done": true
  },
  "refurbished_furniture:recipes/misc/constructing/dark_oak_lattice_fence": {
    "criteria": {
      "has_stick": "2024-10-13 22:57:01 +0000"
    },
    "done": true
  },
  "refurbished_furniture:recipes/misc/constructing/jungle_storage_cabinet": {
    "criteria": {
      "has_iron_ingot": "2024-10-13 23:13:44 +0000"
    },
    "done": true
  },
  "minecraft:recipes/tools/wooden_hoe": {
    "criteria": {
      "has_stick": "2024-10-13 22:57:01 +0000"
    },
    "done": true
  },
  "minecraft:recipes/building_blocks/chiseled_sandstone_from_sandstone_stonecutting": {
    "criteria": {
      "has_sandstone": "2024-10-13 23:20:49 +0000"
    },
    "done": true
  },
  "minecraft:recipes/redstone/oak_fence_gate": {
    "criteria": {
      "has_planks": "2024-10-13 23:15:03 +0000"
    },
    "done": true
  },
  "minecraft:recipes/misc/charcoal": {
    "criteria": {
      "has_log": "2024-10-13 22:56:06 +0000"
    },
    "done": true
  },
  "minecraft:recipes/tools/iron_shovel": {
    "criteria": {
      "has_iron_ingot": "2024-10-13 23:13:44 +0000"
    },
    "done": true
  },
  "refurbished_furniture:recipes/misc/constructing/acacia_lattice_fence": {
    "criteria": {
      "has_stick": "2024-10-13 22:57:01 +0000"
    },
    "done": true
  },
  "minecraft:recipes/decorations/item_frame": {
    "criteria": {
      "has_leather": "2024-10-13 23:11:12 +0000"
    },
    "done": true
  },
  "mcwdoors:recipes/metal": {
    "criteria": {
      "has_wood": "2024-10-13 23:13:44 +0000"
    },
    "done": true
  },
  "doggytalents:recipes/decorations/wool_collar": {
    "criteria": {
      "has_string": "2024-10-13 23:20:08 +0000"
    },
    "done": true
  },
  "farmersdelight:recipes/cooking/pasta_with_meatballs": {
    "criteria": {
      "has_any_ingredient": "2024-10-13 23:00:14 +0000"
    },
    "done": true
  },
  "doggytalents:recipes/misc/gender_bone": {
    "criteria": {
      "has_string": "2024-10-13 23:20:08 +0000"
    },
    "done": true
  },
  "refurbished_furniture:recipes/misc/constructing/white_trampoline": {
    "criteria": {
      "has_iron_ingot": "2024-10-13 23:13:44 +0000"
    },
    "done": true
  },
  "refurbished_furniture:recipes/misc/constructing/oak_kitchen_storage_cabinet": {
    "criteria": {
      "has_oak_planks": "2024-10-13 23:15:03 +0000"
    },
    "done": true
  },
  "refurbished_furniture:recipes/misc/constructing/jungle_light_ceiling_fan": {
    "criteria": {
      "has_iron_ingot": "2024-10-13 23:13:44 +0000"
    },
    "done": true
  },
  "minecraft:recipes/building_blocks/cut_sandstone_slab_from_sandstone_stonecutting": {
    "criteria": {
      "has_sandstone": "2024-10-13 23:20:49 +0000"
    },
    "done": true
  },
  "refurbished_furniture:recipes/misc/constructing/birch_kitchen_cabinetry": {
    "criteria": {
      "has_birch_planks": "2024-10-13 22:56:27 +0000"
    },
    "done": true
  },
  "refurbished_furniture:recipes/misc/constructing/oak_kitchen_cabinetry": {
    "criteria": {
      "has_oak_planks": "2024-10-13 23:15:03 +0000"
    },
    "done": true
  },
  "minecraft:recipes/building_blocks/sandstone_slab_from_sandstone_stonecutting": {
    "criteria": {
      "has_sandstone": "2024-10-13 23:20:49 +0000"
    },
    "done": true
  },
  "refurbished_furniture:recipes/misc/constructing/blue_grill": {
    "criteria": {
      "has_iron_ingot": "2024-10-13 23:13:44 +0000"
    },
    "done": true
  },
  "minecraft:recipes/redstone/oak_door": {
    "criteria": {
      "has_planks": "2024-10-13 23:15:03 +0000"
    },
    "done": true
  },
  "more_slabs_stairs_and_walls:recipes/building_blocks/dirt_wall_from_dirt_stonecutting": {
    "criteria": {
      "has_dirt": "2024-10-13 22:57:50 +0000"
    },
    "done": true
  },
  "refurbished_furniture:recipes/misc/constructing/oak_desk": {
    "criteria": {
      "has_oak_planks": "2024-10-13 23:15:03 +0000"
    },
    "done": true
  },
  "moredelight:recipes/cooking/cooked_rice_with_milk_cream_and_beef": {
    "criteria": {
      "has_any_ingredient": "2024-10-13 23:00:14 +0000"
    },
    "done": true
  },
  "refurbished_furniture:recipes/misc/constructing/birch_storage_jar": {
    "criteria": {
      "has_birch_planks": "2024-10-13 22:56:27 +0000"
    },
    "done": true
  },
  "minecraft:recipes/tools/wooden_shovel": {
    "criteria": {
      "has_stick": "2024-10-13 22:57:01 +0000"
    },
    "done": true
  },
  "refurbished_furniture:recipes/misc/constructing/mangrove_light_ceiling_fan": {
    "criteria": {
      "has_iron_ingot": "2024-10-13 23:13:44 +0000"
    },
    "done": true
  },
  "more_slabs_stairs_and_walls:recipes/building_blocks/grass_block_wall": {
    "criteria": {
      "has_grass_block": "2024-10-13 23:17:46 +0000"
    },
    "done": true
  },
  "minecraft:recipes/building_blocks/cobblestone_slab": {
    "criteria": {
      "has_cobblestone": "2024-10-13 22:58:55 +0000"
    },
    "done": true
  },
  "refurbished_furniture:recipes/misc/constructing/post_box": {
    "criteria": {
      "has_planks": "2024-10-13 22:56:27 +0000"
    },
    "done": true
  },
  "paraglider:recipes/misc/paraglider": {
    "criteria": {
      "has_stick": "2024-10-13 22:57:01 +0000"
    },
    "done": true
  },
  "minecraft:recipes/transportation/acacia_boat": {
    "criteria": {
      "in_water": "2024-10-13 23:19:24 +0000"
    },
    "done": true
  },
  "minecraft:recipes/redstone/iron_trapdoor": {
    "criteria": {
      "has_iron_ingot": "2024-10-13 23:13:44 +0000"
    },
    "done": true
  },
  "minecraft:adventure/root": {
    "criteria": {
      "killed_something": "2024-10-13 23:00:13 +0000"
    },
    "done": true
  },
  "refurbished_furniture:recipes/misc/constructing/green_lamp": {
    "criteria": {
      "has_planks": "2024-10-13 22:56:27 +0000"
    },
    "done": true
  },
  "more_slabs_stairs_and_walls:recipes/building_blocks/hay_block_wall": {
    "criteria": {
      "has_hay_block": "2024-10-13 23:09:48 +0000"
    },
    "done": true
  },
  "more_slabs_stairs_and_walls:recipes/building_blocks/hay_block_stairs": {
    "criteria": {
      "has_hay_block": "2024-10-13 23:09:48 +0000"
    },
    "done": true
  },
  "refurbished_furniture:recipes/misc/constructing/magenta_sofa": {
    "criteria": {
      "has_planks": "2024-10-13 22:56:27 +0000"
    },
    "done": true
  },
  "minecraft:recipes/combat/wooden_sword": {
    "criteria": {
      "has_stick": "2024-10-13 22:57:01 +0000"
    },
    "done": true
  },
  "doggytalents:recipes/decorations/hot_dog": {
    "criteria": {
      "has_bread": "2024-10-13 23:10:04 +0000"
    },
    "done": true
  },
  "more_slabs_stairs_and_walls:recipes/building_blocks/hay_block_wall_from_hay_block_stonecutting": {
    "criteria": {
      "has_hay_block": "2024-10-13 23:09:48 +0000"
    },
    "done": true
  },
  "minecraft:recipes/combat/crossbow": {
    "criteria": {
      "has_iron_ingot": "2024-10-13 23:13:44 +0000"
    },
    "done": true
  },
  "minecraft:recipes/food/cooked_porkchop_from_smoking": {
    "criteria": {
      "has_porkchop": "2024-10-13 23:05:17 +0000"
    },
    "done": true
  },
  "refurbished_furniture:recipes/misc/constructing/oak_storage_jar": {
    "criteria": {
      "has_oak_planks": "2024-10-13 23:15:03 +0000"
    },
    "done": true
  },
  "more_slabs_stairs_and_walls:recipes/building_blocks/hay_block_stairs_from_hay_block_stonecutting": {
    "criteria": {
      "has_hay_block": "2024-10-13 23:09:48 +0000"
    },
    "done": true
  },
  "minecraft:recipes/decorations/barrel": {
    "criteria": {
      "has_planks": "2024-10-13 22:56:27 +0000"
    },
    "done": true
  },
  "refurbished_furniture:recipes/misc/constructing/oak_cutting_board": {
    "criteria": {
      "has_oak_planks": "2024-10-13 23:15:03 +0000"
    },
    "done": true
  },
  "minecraft:recipes/combat/leather_boots": {
    "criteria": {
      "has_leather": "2024-10-13 23:11:12 +0000"
    },
    "done": true
  },
  "minecraft:recipes/decorations/cobblestone_wall_from_cobblestone_stonecutting": {
    "criteria": {
      "has_cobblestone": "2024-10-13 22:58:55 +0000"
    },
    "done": true
  },
  "doggytalents:recipes/decorations/cape_coloured": {
    "criteria": {
      "has_leather": "2024-10-13 23:11:12 +0000"
    },
    "done": true
  },
  "refurbished_furniture:recipes/misc/constructing/cyan_stool": {
    "criteria": {
      "has_planks": "2024-10-13 22:56:27 +0000"
    },
    "done": true
  },
  "minecraft:recipes/building_blocks/cobblestone_stairs": {
    "criteria": {
      "has_cobblestone": "2024-10-13 22:58:55 +0000"
    },
    "done": true
  },
  "refurbished_furniture:recipes/misc/constructing/jungle_toilet": {
    "criteria": {
      "has_iron_ingot": "2024-10-13 23:13:44 +0000"
    },
    "done": true
  },
  "farmersdelight:recipes/food/pie_crust": {
    "criteria": {
      "has_wheat": "2024-10-13 23:10:00 +0000"
    },
    "done": true
  },
  "farmersdelight:recipes/combat/iron_knife": {
    "criteria": {
      "has_iron_ingot": "2024-10-13 23:13:44 +0000"
    },
    "done": true
  },
  "refurbished_furniture:recipes/misc/constructing/light_blue_grill": {
    "criteria": {
      "has_iron_ingot": "2024-10-13 23:13:44 +0000"
    },
    "done": true
  },
  "refurbished_furniture:recipes/misc/constructing/green_sofa": {
    "criteria": {
      "has_planks": "2024-10-13 22:56:27 +0000"
    },
    "done": true
  },
  "refurbished_furniture:recipes/misc/constructing/cherry_light_ceiling_fan": {
    "criteria": {
      "has_iron_ingot": "2024-10-13 23:13:44 +0000"
    },
    "done": true
  },
  "refurbished_furniture:recipes/misc/constructing/birch_light_ceiling_fan": {
    "criteria": {
      "has_birch_planks": "2024-10-13 22:56:27 +0000"
    },
    "done": true
  },
  "travelersbackpack:recipes/misc/pig": {
    "criteria": {
      "has_porkchop": "2024-10-13 23:05:17 +0000"
    },
    "done": true
  },
  "refurbished_furniture:recipes/misc/constructing/yellow_trampoline": {
    "criteria": {
      "has_iron_ingot": "2024-10-13 23:13:44 +0000"
    },
    "done": true
  },
  "refurbished_furniture:recipes/misc/constructing/mangrove_lattice_fence_gate": {
    "criteria": {
      "has_stick": "2024-10-13 22:57:01 +0000"
    },
    "done": true
  },
  "refurbished_furniture:recipes/misc/constructing/birch_desk": {
    "criteria": {
      "has_birch_planks": "2024-10-13 22:56:27 +0000"
    },
    "done": true
  },
  "refurbished_furniture:recipes/misc/constructing/recycle_bin": {
    "criteria": {
      "has_iron_ingot": "2024-10-13 23:13:44 +0000"
    },
    "done": true
  },
  "minecraft:recipes/tools/stone_shovel": {
    "criteria": {
      "has_cobblestone": "2024-10-13 22:58:55 +0000"
    },
    "done": true
  },
  "refurbished_furniture:recipes/misc/constructing/light_gray_lamp": {
    "criteria": {
      "has_planks": "2024-10-13 22:56:27 +0000"
    },
    "done": true
  },
  "refurbished_furniture:recipes/misc/constructing/magenta_grill": {
    "criteria": {
      "has_iron_ingot": "2024-10-13 23:13:44 +0000"
    },
    "done": true
  },
  "refurbished_furniture:recipes/misc/slicing/bread_slice_from_bread": {
    "criteria": {
      "has_bread": "2024-10-13 23:10:04 +0000"
    },
    "done": true
  },
  "minecraft:recipes/food/cooked_beef": {
    "criteria": {
      "has_beef": "2024-10-13 23:00:14 +0000"
    },
    "done": true
  },
  "fusion:recipes/misc/thyrium_rod": {
    "criteria": {
      "has_item": "2024-10-13 23:20:08 +0000"
    },
    "done": true
  },
  "minecraft:recipes/transportation/jungle_boat": {
    "criteria": {
      "in_water": "2024-10-13 23:19:24 +0000"
    },
    "done": true
  },
  "minecraft:recipes/redstone/heavy_weighted_pressure_plate": {
    "criteria": {
      "has_iron_ingot": "2024-10-13 23:13:44 +0000"
    },
    "done": true
  },
  "refurbished_furniture:recipes/misc/constructing/jungle_lattice_fence_gate": {
    "criteria": {
      "has_stick": "2024-10-13 22:57:01 +0000"
    },
    "done": true
  },
  "refurbished_furniture:recipes/misc/constructing/light_ceiling_light": {
    "criteria": {
      "has_iron_ingot": "2024-10-13 23:13:44 +0000"
    },
    "done": true
  },
  "doggytalents:recipes/decorations/locator_orb_dyable": {
    "criteria": {
      "has_string": "2024-10-13 23:20:08 +0000"
    },
    "done": true
  },
  "travelersbackpack:recipes/misc/hay": {
    "criteria": {
      "has_wheat": "2024-10-13 23:10:00 +0000"
    },
    "done": true
  },
  "refurbished_furniture:recipes/misc/light_electricity_generator": {
    "criteria": {
      "has_iron_ingot": "2024-10-13 23:13:44 +0000"
    },
    "done": true
  },
  "refurbished_furniture:recipes/misc/constructing/birch_basin": {
    "criteria": {
      "has_birch_planks": "2024-10-13 22:56:27 +0000"
    },
    "done": true
  },
  "minecraft:recipes/redstone/lever": {
    "criteria": {
      "has_cobblestone": "2024-10-13 22:58:55 +0000"
    },
    "done": true
  },
  "refurbished_furniture:recipes/misc/constructing/acacia_toilet": {
    "criteria": {
      "has_iron_ingot": "2024-10-13 23:13:44 +0000"
    },
    "done": true
  },
  "more_slabs_stairs_and_walls:recipes/building_blocks/birch_planks_wall_from_birch_planks_stonecutting": {
    "criteria": {
      "has_birch_planks": "2024-10-13 22:56:27 +0000"
    },
    "done": true
  },
  "refurbished_furniture:recipes/misc/constructing/magenta_trampoline": {
    "criteria": {
      "has_iron_ingot": "2024-10-13 23:13:44 +0000"
    },
    "done": true
  },
  "minecraft:recipes/combat/iron_leggings": {
    "criteria": {
      "has_iron_ingot": "2024-10-13 23:13:44 +0000"
    },
    "done": true
  },
  "more_slabs_stairs_and_walls:recipes/building_blocks/dirt_slab": {
    "criteria": {
      "has_dirt": "2024-10-13 22:57:50 +0000"
    },
    "done": true
  },
  "refurbished_furniture:recipes/misc/constructing/blue_stool": {
    "criteria": {
      "has_planks": "2024-10-13 22:56:27 +0000"
    },
    "done": true
  },
  "iceandfire:recipes/misc/dragon_meal": {
    "criteria": {
      "has_item": "2024-10-13 23:00:14 +0000"
    },
    "done": true
  },
  "minecraft:recipes/combat/leather_leggings": {
    "criteria": {
      "has_leather": "2024-10-13 23:11:12 +0000"
    },
    "done": true
  },
  "travelersbackpack:recipes/misc/coal": {
    "criteria": {
      "has_coal": "2024-10-13 22:59:08 +0000"
    },
    "done": true
  },
  "minecraft:recipes/building_blocks/sandstone_slab": {
    "criteria": {
      "has_sandstone": "2024-10-13 23:20:49 +0000"
    },
    "done": true
  },
  "doggytalents:recipes/decorations/leather_jacket": {
    "criteria": {
      "has_leather": "2024-10-13 23:11:12 +0000"
    },
    "done": true
  },
  "refurbished_furniture:recipes/misc/constructing/gray_trampoline": {
    "criteria": {
      "has_iron_ingot": "2024-10-13 23:13:44 +0000"
    },
    "done": true
  },
  "refurbished_furniture:recipes/misc/constructing/brown_stool": {
    "criteria": {
      "has_planks": "2024-10-13 22:56:27 +0000"
    },
    "done": true
  },
  "refurbished_furniture:recipes/misc/constructing/mangrove_bath": {
    "criteria": {
      "has_iron_ingot": "2024-10-13 23:13:44 +0000"
    },
    "done": true
  },
  "refurbished_furniture:recipes/misc/constructing/oak_kitchen_sink": {
    "criteria": {
      "has_oak_planks": "2024-10-13 23:15:03 +0000"
    },
    "done": true
  },
  "refurbished_furniture:recipes/misc/constructing/orange_stool": {
    "criteria": {
      "has_planks": "2024-10-13 22:56:27 +0000"
    },
    "done": true
  },
  "refurbished_furniture:recipes/misc/constructing/light_fridge": {
    "criteria": {
      "has_iron_ingot": "2024-10-13 23:13:44 +0000"
    },
    "done": true
  },
  "minecraft:recipes/misc/iron_nugget_from_smelting": {
    "criteria": {
      "has_iron_pickaxe": "2024-10-13 23:14:11 +0000"
    },
    "done": true
  },
  "refurbished_furniture:recipes/misc/constructing/jungle_bath": {
    "criteria": {
      "has_iron_ingot": "2024-10-13 23:13:44 +0000"
    },
    "done": true
  },
  "minecraft:story/iron_tools": {
    "criteria": {
      "iron_pickaxe": "2024-10-13 23:14:11 +0000"
    },
    "done": true
  },
  "minecraft:recipes/combat/iron_chestplate": {
    "criteria": {
      "has_iron_ingot": "2024-10-13 23:13:44 +0000"
    },
    "done": true
  },
  "minecraft:recipes/redstone/oak_trapdoor": {
    "criteria": {
      "has_planks": "2024-10-13 23:15:03 +0000"
    },
    "done": true
  },
  "refurbished_furniture:recipes/misc/constructing/black_cooler": {
    "criteria": {
      "has_planks": "2024-10-13 22:56:27 +0000"
    },
    "done": true
  },
  "refurbished_furniture:recipes/misc/constructing/lime_lamp": {
    "criteria": {
      "has_planks": "2024-10-13 22:56:27 +0000"
    },
    "done": true
  },
  "minecraft:recipes/combat/stone_sword": {
    "criteria": {
      "has_cobblestone": "2024-10-13 22:58:55 +0000"
    },
    "done": true
  },
  "minecraft:recipes/decorations/cobblestone_wall": {
    "criteria": {
      "has_cobblestone": "2024-10-13 22:58:55 +0000"
    },
    "done": true
  },
  "minecraft:recipes/tools/stone_axe": {
    "criteria": {
      "has_cobblestone": "2024-10-13 22:58:55 +0000"
    },
    "done": true
  },
  "fusion:recipes/misc/sinisite_rod": {
    "criteria": {
      "has_item": "2024-10-13 23:20:08 +0000"
    },
    "done": true
  },
  "farmersdelight:recipes/food/wheat_dough_from_eggs": {
    "criteria": {
      "has_wheat": "2024-10-13 23:10:00 +0000"
    },
    "done": true
  },
  "moredelight:recipes/cooking/cooked_diced_potatoes_with_beef": {
    "criteria": {
      "has_any_ingredient": "2024-10-13 23:00:14 +0000"
    },
    "done": true
  },
  "refurbished_furniture:recipes/misc/constructing/dark_oak_basin": {
    "criteria": {
      "has_iron_ingot": "2024-10-13 23:13:44 +0000"
    },
    "done": true
  },
  "minecraft:recipes/misc/iron_nugget": {
    "criteria": {
      "has_iron_ingot": "2024-10-13 23:13:44 +0000"
    },
    "done": true
  },
  "farmersdelight:recipes/combat/flint_knife": {
    "criteria": {
      "has_stick": "2024-10-13 22:57:01 +0000"
    },
    "done": true
  },
  "minecraft:recipes/misc/bucket": {
    "criteria": {
      "has_iron_ingot": "2024-10-13 23:13:44 +0000"
    },
    "done": true
  },
  "iceandfire:recipes/misc/blindfold": {
    "criteria": {
      "has_item": "2024-10-13 23:11:12 +0000"
    },
    "done": true
  },
  "refurbished_furniture:recipes/misc/constructing/cherry_basin": {
    "criteria": {
      "has_iron_ingot": "2024-10-13 23:13:44 +0000"
    },
    "done": true
  },
  "iceandfire:recipes/tools/silver_ingot_from_smelting_raw_silver": {
    "criteria": {
      "has_raw_silver": "2024-10-13 23:16:05 +0000"
    },
    "done": true
  },
  "minecraft:recipes/combat/bow": {
    "criteria": {
      "has_string": "2024-10-13 23:20:08 +0000"
    },
    "done": true
  },
  "minecraft:recipes/building_blocks/smooth_sandstone": {
    "criteria": {
      "has_sandstone": "2024-10-13 23:20:49 +0000"
    },
    "done": true
  },
  "minecraft:recipes/transportation/minecart": {
    "criteria": {
      "has_iron_ingot": "2024-10-13 23:13:44 +0000"
    },
    "done": true
  },
  "minecraft:recipes/tools/iron_hoe": {
    "criteria": {
      "has_iron_ingot": "2024-10-13 23:13:44 +0000"
    },
    "done": true
  },
  "refurbished_furniture:recipes/misc/constructing/computer": {
    "criteria": {
      "has_iron_ingot": "2024-10-13 23:13:44 +0000"
    },
    "done": true
  },
  "alexsmobs:alexsmobs/root": {
    "criteria": {
      "useitem": "2024-10-13 22:57:59 +0000"
    },
    "done": true
  },
  "refurbished_furniture:recipes/misc/constructing/cherry_storage_cabinet": {
    "criteria": {
      "has_iron_ingot": "2024-10-13 23:13:44 +0000"
    },
    "done": true
  },
  "travelersbackpack:recipes/misc/sandstone": {
    "criteria": {
      "has_sandstone": "2024-10-13 23:20:49 +0000"
    },
    "done": true
  },
  "refurbished_furniture:recipes/misc/constructing/magenta_cooler": {
    "criteria": {
      "has_planks": "2024-10-13 22:56:27 +0000"
    },
    "done": true
  },
  "farmersdelight:recipes/cooking/noodle_soup": {
    "criteria": {
      "has_any_ingredient": "2024-10-13 23:05:17 +0000"
    },
    "done": true
  },
  "refurbished_furniture:recipes/misc/constructing/spruce_lattice_fence": {
    "criteria": {
      "has_stick": "2024-10-13 22:57:01 +0000"
    },
    "done": true
  },
  "refurbished_furniture:recipes/misc/constructing/light_blue_cooler": {
    "criteria": {
      "has_planks": "2024-10-13 22:56:27 +0000"
    },
    "done": true
  },
  "refurbished_furniture:recipes/misc/constructing/oak_mail_box": {
    "criteria": {
      "has_oak_planks": "2024-10-13 23:15:03 +0000"
    },
    "done": true
  },
  "refurbished_furniture:recipes/misc/constructing/pink_sofa": {
    "criteria": {
      "has_planks": "2024-10-13 22:56:27 +0000"
    },
    "done": true
  },
  "refurbished_furniture:recipes/misc/constructing/birch_chair": {
    "criteria": {
      "has_birch_planks": "2024-10-13 22:56:27 +0000"
    },
    "done": true
  },
  "refurbished_furniture:recipes/misc/constructing/oak_bath": {
    "criteria": {
      "has_iron_ingot": "2024-10-13 23:13:44 +0000"
    },
    "done": true
  },
  "refurbished_furniture:recipes/misc/constructing/brown_lamp": {
    "criteria": {
      "has_planks": "2024-10-13 22:56:27 +0000"
    },
    "done": true
  },
  "doggytalents:recipes/decorations/guard_suit": {
    "criteria": {
      "has_string": "2024-10-13 23:20:08 +0000"
    },
    "done": true
  },
  "refurbished_furniture:recipes/misc/constructing/crimson_lattice_fence_gate": {
    "criteria": {
      "has_stick": "2024-10-13 22:57:01 +0000"
    },
    "done": true
  },
  "refurbished_furniture:recipes/misc/constructing/red_grill": {
    "criteria": {
      "has_iron_ingot": "2024-10-13 23:13:44 +0000"
    },
    "done": true
  },
  "minecraft:story/smelt_iron": {
    "criteria": {
      "iron": "2024-10-13 23:13:44 +0000"
    },
    "done": true
  },
  "minecraft:recipes/tools/fishing_rod": {
    "criteria": {
      "has_string": "2024-10-13 23:20:08 +0000"
    },
    "done": true
  },
  "more_slabs_stairs_and_walls:recipes/building_blocks/grass_block_slab_from_grass_block_stonecutting": {
    "criteria": {
      "has_grass_block": "2024-10-13 23:17:46 +0000"
    },
    "done": true
  },
  "minecraft:recipes/decorations/smoker": {
    "criteria": {
      "has_furnace": "2024-10-13 23:01:33 +0000"
    },
    "done": true
  },
  "minecraft:recipes/building_blocks/emerald_block": {
    "criteria": {
      "has_emerald": "2024-10-13 23:10:42 +0000"
    },
    "done": true
  },
  "refurbished_furniture:recipes/misc/constructing/lime_sofa": {
    "criteria": {
      "has_planks": "2024-10-13 22:56:27 +0000"
    },
    "done": true
  },
  "refurbished_furniture:recipes/misc/constructing/light_gray_trampoline": {
    "criteria": {
      "has_iron_ingot": "2024-10-13 23:13:44 +0000"
    },
    "done": true
  },
  "minecraft:recipes/building_blocks/oak_stairs": {
    "criteria": {
      "has_planks": "2024-10-13 23:15:03 +0000"
    },
    "done": true
  },
  "more_slabs_stairs_and_walls:recipes/building_blocks/dirt_slab_from_dirt_stonecutting": {
    "criteria": {
      "has_dirt": "2024-10-13 22:57:50 +0000"
    },
    "done": true
  },
  "farmersdelight:recipes/food/wheat_dough_from_water": {
    "criteria": {
      "has_wheat": "2024-10-13 23:10:00 +0000"
    },
    "done": true
  },
  "refurbished_furniture:recipes/misc/constructing/mangrove_basin": {
    "criteria": {
      "has_iron_ingot": "2024-10-13 23:13:44 +0000"
    },
    "done": true
  },
  "refurbished_furniture:recipes/misc/constructing/red_cooler": {
    "criteria": {
      "has_planks": "2024-10-13 22:56:27 +0000"
    },
    "done": true
  },
  "refurbished_furniture:recipes/misc/constructing/green_trampoline": {
    "criteria": {
      "has_iron_ingot": "2024-10-13 23:13:44 +0000"
    },
    "done": true
  },
  "minecraft:recipes/decorations/chain": {
    "criteria": {
      "has_iron_ingot": "2024-10-13 23:13:44 +0000"
    },
    "done": true
  },
  "minecraft:recipes/decorations/oak_fence": {
    "criteria": {
      "has_planks": "2024-10-13 23:15:03 +0000"
    },
    "done": true
  },
  "minecraft:recipes/food/cooked_porkchop_from_campfire_cooking": {
    "criteria": {
      "has_porkchop": "2024-10-13 23:05:17 +0000"
    },
    "done": true
  },
  "refurbished_furniture:recipes/misc/constructing/oak_basin": {
    "criteria": {
      "has_iron_ingot": "2024-10-13 23:13:44 +0000"
    },
    "done": true
  },
  "farmersdelight:recipes/cooking/pumpkin_soup": {
    "criteria": {
      "has_any_ingredient": "2024-10-13 23:05:17 +0000"
    },
    "done": true
  },
  "refurbished_furniture:recipes/misc/constructing/lime_trampoline": {
    "criteria": {
      "has_iron_ingot": "2024-10-13 23:13:44 +0000"
    },
    "done": true
  },
  "more_slabs_stairs_and_walls:recipes/building_blocks/birch_log_slab_from_birch_log_stonecutting": {
    "criteria": {
      "has_birch_log": "2024-10-13 22:56:06 +0000"
    },
    "done": true
  },
  "more_slabs_stairs_and_walls:recipes/building_blocks/hay_block_slab": {
    "criteria": {
      "has_hay_block": "2024-10-13 23:09:48 +0000"
    },
    "done": true
  },
  "doggytalents:recipes/decorations/locator_orb_rei": {
    "criteria": {
      "has_string": "2024-10-13 23:20:08 +0000"
    },
    "done": true
  },
  "refurbished_furniture:recipes/misc/constructing/dark_oak_bath": {
    "criteria": {
      "has_iron_ingot": "2024-10-13 23:13:44 +0000"
    },
    "done": true
  },
  "minecraft:recipes/building_blocks/sandstone_stairs_from_sandstone_stonecutting": {
    "criteria": {
      "has_sandstone": "2024-10-13 23:20:49 +0000"
    },
    "done": true
  },
  "travelersbackpack:recipes/misc/emerald": {
    "criteria": {
      "has_emerald": "2024-10-13 23:10:42 +0000"
    },
    "done": true
  },
  "travelersbackpack:recipes/misc/spider": {
    "criteria": {
      "has_string": "2024-10-13 23:20:08 +0000"
    },
    "done": true
  },
  "iceandfire:recipes/misc/earplugs": {
    "criteria": {
      "has_item": "2024-10-13 22:56:27 +0000"
    },
    "done": true
  },
  "minecraft:recipes/decorations/smithing_table": {
    "criteria": {
      "has_iron_ingot": "2024-10-13 23:13:44 +0000"
    },
    "done": true
  },
  "refurbished_furniture:recipes/misc/constructing/crimson_bath": {
    "criteria": {
      "has_iron_ingot": "2024-10-13 23:13:44 +0000"
    },
    "done": true
  },
  "refurbished_furniture:recipes/misc/constructing/black_trampoline": {
    "criteria": {
      "has_iron_ingot": "2024-10-13 23:13:44 +0000"
    },
    "done": true
  },
  "fusion:recipes/building_blocks/fusion_furnace": {
    "criteria": {
      "has_item": "2024-10-13 23:01:33 +0000"
    },
    "done": true
  },
  "minecraft:recipes/transportation/spruce_boat": {
    "criteria": {
      "in_water": "2024-10-13 23:19:24 +0000"
    },
    "done": true
  },
  "doggytalents:recipes/decorations/wool_collar_thicc": {
    "criteria": {
      "has_string": "2024-10-13 23:20:08 +0000"
    },
    "done": true
  },
  "refurbished_furniture:recipes/misc/constructing/green_cooler": {
    "criteria": {
      "has_planks": "2024-10-13 22:56:27 +0000"
    },
    "done": true
  },
  "iceandfire:recipes/building_blocks/raw_silver_to_raw_silver_block": {
    "criteria": {
      "has_raw_silver": "2024-10-13 23:16:05 +0000"
    },
    "done": true
  },
  "refurbished_furniture:recipes/misc/knife": {
    "criteria": {
      "has_leather": "2024-10-13 23:11:12 +0000"
    },
    "done": true
  },
  "refurbished_furniture:recipes/misc/workbench": {
    "criteria": {
      "has_planks": "2024-10-13 22:56:27 +0000"
    },
    "done": true
  },
  "refurbished_furniture:recipes/misc/constructing/brown_sofa": {
    "criteria": {
      "has_planks": "2024-10-13 22:56:27 +0000"
    },
    "done": true
  },
  "refurbished_furniture:recipes/misc/constructing/door_mat": {
    "criteria": {
      "has_wheat": "2024-10-13 23:10:00 +0000"
    },
    "done": true
  },
  "fusion:thyrium_bow": {
    "criteria": {
      "has_item": "2024-10-13 23:20:08 +0000"
    },
    "done": true
  },
  "minecraft:husbandry/root": {
    "criteria": {
      "consumed_item": "2024-10-13 22:57:59 +0000"
    },
    "done": true
  },
  "minecraft:recipes/transportation/birch_boat": {
    "criteria": {
      "in_water": "2024-10-13 23:19:24 +0000"
    },
    "done": true
  },
  "refurbished_furniture:recipes/misc/constructing/light_blue_lamp": {
    "criteria": {
      "has_planks": "2024-10-13 22:56:27 +0000"
    },
    "done": true
  },
  "refurbished_furniture:recipes/misc/constructing/blue_sofa": {
    "criteria": {
      "has_planks": "2024-10-13 22:56:27 +0000"
    },
    "done": true
  },
  "refurbished_furniture:recipes/misc/constructing/warped_basin": {
    "criteria": {
      "has_iron_ingot": "2024-10-13 23:13:44 +0000"
    },
    "done": true
  },
  "minecraft:recipes/transportation/oak_boat": {
    "criteria": {
      "in_water": "2024-10-13 23:19:24 +0000"
    },
    "done": true
  },
  "refurbished_furniture:recipes/misc/constructing/doorbell": {
    "criteria": {
      "has_iron_ingot": "2024-10-13 23:13:44 +0000"
    },
    "done": true
  },
  "refurbished_furniture:recipes/misc/constructing/light_lightswitch": {
    "criteria": {
      "has_iron_ingot": "2024-10-13 23:13:44 +0000"
    },
    "done": true
  },
  "refurbished_furniture:recipes/misc/constructing/light_blue_stool": {
    "criteria": {
      "has_planks": "2024-10-13 22:56:27 +0000"
    },
    "done": true
  },
  "minecraft:recipes/building_blocks/coal_block": {
    "criteria": {
      "has_coal": "2024-10-13 22:59:08 +0000"
    },
    "done": true
  },
  "refurbished_furniture:recipes/misc/constructing/cherry_lattice_fence": {
    "criteria": {
      "has_stick": "2024-10-13 22:57:01 +0000"
    },
    "done": true
  },
  "refurbished_furniture:recipes/misc/constructing/oak_chair": {
    "criteria": {
      "has_oak_planks": "2024-10-13 23:15:03 +0000"
    },
    "done": true
  },
  "minecraft:recipes/redstone/oak_button": {
    "criteria": {
      "has_planks": "2024-10-13 23:15:03 +0000"
    },
    "done": true
  },
  "refurbished_furniture:recipes/misc/constructing/white_cooler": {
    "criteria": {
      "has_planks": "2024-10-13 22:56:27 +0000"
    },
    "done": true
  },
  "iceandfire:recipes/tools/silver_ingot_from_blasting_raw_silver": {
    "criteria": {
      "has_raw_silver": "2024-10-13 23:16:05 +0000"
    },
    "done": true
  },
  "more_slabs_stairs_and_walls:recipes/building_blocks/grass_block_stairs": {
    "criteria": {
      "has_grass_block": "2024-10-13 23:17:46 +0000"
    },
    "done": true
  },
  "doggytalents:recipes/tools/treat_bag": {
    "criteria": {
      "has_leather": "2024-10-13 23:11:12 +0000"
    },
    "done": true
  },
  "minecraft:recipes/combat/iron_sword": {
    "criteria": {
      "has_iron_ingot": "2024-10-13 23:13:44 +0000"
    },
    "done": true
  },
  "minecraft:recipes/tools/iron_pickaxe": {
    "criteria": {
      "has_iron_ingot": "2024-10-13 23:13:44 +0000"
    },
    "done": true
  },
  "refurbished_furniture:recipes/misc/constructing/blue_lamp": {
    "criteria": {
      "has_planks": "2024-10-13 22:56:27 +0000"
    },
    "done": true
  },
  "doggytalents:recipes/tools/empty_locator_orb": {
    "criteria": {
      "has_string": "2024-10-13 23:20:08 +0000"
    },
    "done": true
  },
  "refurbished_furniture:recipes/misc/constructing/spruce_toilet": {
    "criteria": {
      "has_iron_ingot": "2024-10-13 23:13:44 +0000"
    },
    "done": true
  },
  "refurbished_furniture:recipes/misc/constructing/red_stool": {
    "criteria": {
      "has_planks": "2024-10-13 22:56:27 +0000"
    },
    "done": true
  },
  "minecraft:recipes/transportation/mangrove_boat": {
    "criteria": {
      "in_water": "2024-10-13 23:19:24 +0000"
    },
    "done": true
  },
  "minecraft:recipes/decorations/torch": {
    "criteria": {
      "has_stone_pickaxe": "2024-10-13 22:59:22 +0000"
    },
    "done": true
  },
  "minecraft:recipes/combat/shield": {
    "criteria": {
      "has_iron_ingot": "2024-10-13 23:13:44 +0000"
    },
    "done": true
  },
  "refurbished_furniture:recipes/misc/wrench": {
    "criteria": {
      "has_leather": "2024-10-13 23:11:12 +0000"
    },
    "done": true
  },
  "minecraft:recipes/decorations/iron_bars": {
    "criteria": {
      "has_iron_ingot": "2024-10-13 23:13:44 +0000"
    },
    "done": true
  },
  "refurbished_furniture:recipes/misc/constructing/brown_grill": {
    "criteria": {
      "has_iron_ingot": "2024-10-13 23:13:44 +0000"
    },
    "done": true
  },
  "doggytalents:recipes/decorations/tengu_mask": {
    "criteria": {
      "has_string": "2024-10-13 23:20:08 +0000"
    },
    "done": true
  },
  "refurbished_furniture:recipes/misc/constructing/television": {
    "criteria": {
      "has_iron_ingot": "2024-10-13 23:13:44 +0000"
    },
    "done": true
  },
  "travelersbackpack:recipes/misc/iron_tier_upgrade": {
    "criteria": {
      "has_iron_ingot": "2024-10-13 23:13:44 +0000"
    },
    "done": true
  },
  "justhammers:recipes/tools/iron_hammer": {
    "criteria": {
      "has_material": "2024-10-13 23:13:44 +0000"
    },
    "done": true
  },
  "refurbished_furniture:recipes/misc/constructing/gray_lamp": {
    "criteria": {
      "has_planks": "2024-10-13 22:56:27 +0000"
    },
    "done": true
  },
  "refurbished_furniture:recipes/misc/constructing/warped_lattice_fence_gate": {
    "criteria": {
      "has_stick": "2024-10-13 22:57:01 +0000"
    },
    "done": true
  },
  "refurbished_furniture:recipes/misc/constructing/spruce_basin": {
    "criteria": {
      "has_iron_ingot": "2024-10-13 23:13:44 +0000"
    },
    "done": true
  },
  "refurbished_furniture:recipes/misc/constructing/jungle_basin": {
    "criteria": {
      "has_iron_ingot": "2024-10-13 23:13:44 +0000"
    },
    "done": true
  },
  "refurbished_furniture:recipes/misc/constructing/light_blue_sofa": {
    "criteria": {
      "has_planks": "2024-10-13 22:56:27 +0000"
    },
    "done": true
  },
  "travelersbackpack:recipes/misc/hose_nozzle": {
    "criteria": {
      "has_iron": "2024-10-13 23:13:44 +0000"
    },
    "done": true
  },
  "refurbished_furniture:recipes/misc/constructing/pink_trampoline": {
    "criteria": {
      "has_iron_ingot": "2024-10-13 23:13:44 +0000"
    },
    "done": true
  },
  "refurbished_furniture:recipes/misc/constructing/birch_drawer": {
    "criteria": {
      "has_birch_planks": "2024-10-13 22:56:27 +0000"
    },
    "done": true
  },
  "refurbished_furniture:recipes/misc/constructing/birch_table": {
    "criteria": {
      "has_birch_planks": "2024-10-13 22:56:27 +0000"
    },
    "done": true
  },
  "refurbished_furniture:recipes/misc/constructing/black_sofa": {
    "criteria": {
      "has_planks": "2024-10-13 22:56:27 +0000"
    },
    "done": true
  },
  "refurbished_furniture:recipes/misc/constructing/purple_sofa": {
    "criteria": {
      "has_planks": "2024-10-13 22:56:27 +0000"
    },
    "done": true
  },
  "farmersdelight:recipes/cooking/beef_stew": {
    "criteria": {
      "has_any_ingredient": "2024-10-13 23:00:14 +0000"
    },
    "done": true
  },
  "more_slabs_stairs_and_walls:recipes/building_blocks/dirt_stairs": {
    "criteria": {
      "has_dirt": "2024-10-13 22:57:50 +0000"
    },
    "done": true
  },
  "refurbished_furniture:recipes/misc/constructing/oak_lattice_fence": {
    "criteria": {
      "has_stick": "2024-10-13 22:57:01 +0000"
    },
    "done": true
  },
  "refurbished_furniture:recipes/misc/constructing/gray_cooler": {
    "criteria": {
      "has_planks": "2024-10-13 22:56:27 +0000"
    },
    "done": true
  },
  "refurbished_furniture:recipes/misc/constructing/birch_kitchen_storage_cabinet": {
    "criteria": {
      "has_birch_planks": "2024-10-13 22:56:27 +0000"
    },
    "done": true
  },
  "doggytalents:recipes/decorations/locator_orb_jin": {
    "criteria": {
      "has_string": "2024-10-13 23:20:08 +0000"
    },
    "done": true
  },
  "minecraft:recipes/tools/wooden_pickaxe": {
    "criteria": {
      "has_stick": "2024-10-13 22:57:01 +0000"
    },
    "done": true
  },
  "fusion:sinisite_bow": {
    "criteria": {
      "has_item": "2024-10-13 23:20:08 +0000"
    },
    "done": true
  },
  "farmersdelight:main/root": {
    "criteria": {
      "seeds": "2024-10-13 22:54:13 +0000"
    },
    "done": true
  },
  "minecraft:story/upgrade_tools": {
    "criteria": {
      "stone_pickaxe": "2024-10-13 22:59:22 +0000"
    },
    "done": true
  },
  "ecologics:recipes/ecologics/coconut_boat": {
    "criteria": {
      "in_water": "2024-10-13 23:19:24 +0000"
    },
    "done": true
  },
  "refurbished_furniture:recipes/misc/constructing/light_gray_stool": {
    "criteria": {
      "has_planks": "2024-10-13 22:56:27 +0000"
    },
    "done": true
  },
  "more_slabs_stairs_and_walls:recipes/building_blocks/hay_block_slab_from_hay_block_stonecutting": {
    "criteria": {
      "has_hay_block": "2024-10-13 23:09:48 +0000"
    },
    "done": true
  },
  "refurbished_furniture:recipes/misc/constructing/white_stool": {
    "criteria": {
      "has_planks": "2024-10-13 22:56:27 +0000"
    },
    "done": true
  },
  "minecraft:recipes/redstone/oak_pressure_plate": {
    "criteria": {
      "has_planks": "2024-10-13 23:15:03 +0000"
    },
    "done": true
  },
  "refurbished_furniture:recipes/misc/constructing/orange_grill": {
    "criteria": {
      "has_iron_ingot": "2024-10-13 23:13:44 +0000"
    },
    "done": true
  },
  "doggytalents:recipes/decorations/kitsune_mask": {
    "criteria": {
      "has_string": "2024-10-13 23:20:08 +0000"
    },
    "done": true
  },
  "refurbished_furniture:recipes/misc/constructing/mangrove_lattice_fence": {
    "criteria": {
      "has_stick": "2024-10-13 22:57:01 +0000"
    },
    "done": true
  },
  "refurbished_furniture:recipes/misc/constructing/cherry_lattice_fence_gate": {
    "criteria": {
      "has_stick": "2024-10-13 22:57:01 +0000"
    },
    "done": true
  },
  "refurbished_furniture:recipes/misc/constructing/yellow_stool": {
    "criteria": {
      "has_planks": "2024-10-13 22:56:27 +0000"
    },
    "done": true
  },
  "minecraft:recipes/redstone/birch_trapdoor": {
    "criteria": {
      "has_planks": "2024-10-13 22:56:27 +0000"
    },
    "done": true
  },
  "refurbished_furniture:recipes/misc/constructing/black_lamp": {
    "criteria": {
      "has_planks": "2024-10-13 22:56:27 +0000"
    },
    "done": true
  },
  "ecologics:recipes/ecologics/flowering_azalea_boat": {
    "criteria": {
      "in_water": "2024-10-13 23:19:24 +0000"
    },
    "done": true
  },
  "refurbished_furniture:recipes/misc/constructing/light_range_hood": {
    "criteria": {
      "has_iron_ingot": "2024-10-13 23:13:44 +0000"
    },
    "done": true
  },
  "refurbished_furniture:recipes/misc/constructing/birch_mail_box": {
    "criteria": {
      "has_birch_planks": "2024-10-13 22:56:27 +0000"
    },
    "done": true
  },
  "refurbished_furniture:recipes/misc/constructing/pink_lamp": {
    "criteria": {
      "has_planks": "2024-10-13 22:56:27 +0000"
    },
    "done": true
  },
  "refurbished_furniture:recipes/misc/constructing/lime_cooler": {
    "criteria": {
      "has_planks": "2024-10-13 22:56:27 +0000"
    },
    "done": true
  },
  "refurbished_furniture:recipes/misc/constructing/oak_storage_cabinet": {
    "criteria": {
      "has_iron_ingot": "2024-10-13 23:13:44 +0000"
    },
    "done": true
  },
  "refurbished_furniture:recipes/misc/constructing/spruce_storage_cabinet": {
    "criteria": {
      "has_iron_ingot": "2024-10-13 23:13:44 +0000"
    },
    "done": true
  },
  "minecraft:recipes/building_blocks/white_wool_from_string": {
    "criteria": {
      "has_string": "2024-10-13 23:20:08 +0000"
    },
    "done": true
  },
  "refurbished_furniture:recipes/misc/constructing/cherry_toilet": {
    "criteria": {
      "has_iron_ingot": "2024-10-13 23:13:44 +0000"
    },
    "done": true
  },
  "refurbished_furniture:recipes/misc/constructing/gray_stool": {
    "criteria": {
      "has_planks": "2024-10-13 22:56:27 +0000"
    },
    "done": true
  },
  "doggytalents:recipes/decorations/locator_orb_chu": {
    "criteria": {
      "has_string": "2024-10-13 23:20:08 +0000"
    },
    "done": true
  },
  "doggytalents:recipes/decorations/locator_orb_chi": {
    "criteria": {
      "has_string": "2024-10-13 23:20:08 +0000"
    },
    "done": true
  },
  "refurbished_furniture:recipes/misc/constructing/acacia_lattice_fence_gate": {
    "criteria": {
      "has_stick": "2024-10-13 22:57:01 +0000"
    },
    "done": true
  },
  "refurbished_furniture:recipes/misc/constructing/pink_cooler": {
    "criteria": {
      "has_planks": "2024-10-13 22:56:27 +0000"
    },
    "done": true
  },
  "minecraft:recipes/tools/iron_axe": {
    "criteria": {
      "has_iron_ingot": "2024-10-13 23:13:44 +0000"
    },
    "done": true
  },
  "refurbished_furniture:recipes/misc/constructing/white_sofa": {
    "criteria": {
      "has_planks": "2024-10-13 22:56:27 +0000"
    },
    "done": true
  },
  "minecraft:recipes/misc/iron_nugget_from_blasting": {
    "criteria": {
      "has_iron_pickaxe": "2024-10-13 23:14:11 +0000"
    },
    "done": true
  },
  "minecraft:adventure/kill_a_mob": {
    "criteria": {
      "minecraft:zombie": "2024-10-13 23:13:47 +0000"
    },
    "done": true
  },
  "doggytalents:recipes/decorations/locator_orb_tei": {
    "criteria": {
      "has_string": "2024-10-13 23:20:08 +0000"
    },
    "done": true
  },
  "minecraft:adventure/adventuring_time": {
    "criteria": {
      "minecraft:deep_ocean": "2024-10-13 23:09:32 +0000",
      "minecraft:birch_forest": "2024-10-13 23:08:58 +0000",
      "minecraft:beach": "2024-10-13 23:19:39 +0000",
      "minecraft:dark_forest": "2024-10-13 22:54:13 +0000",
      "minecraft:forest": "2024-10-13 23:09:23 +0000",
      "minecraft:ocean": "2024-10-13 23:19:27 +0000",
      "minecraft:old_growth_birch_forest": "2024-10-13 22:55:59 +0000"
    },
    "done": false
  },
  "refurbished_furniture:recipes/misc/constructing/oak_table": {
    "criteria": {
      "has_oak_planks": "2024-10-13 23:15:03 +0000"
    },
    "done": true
  },
  "minecraft:recipes/decorations/sandstone_wall": {
    "criteria": {
      "has_sandstone": "2024-10-13 23:20:49 +0000"
    },
    "done": true
  },
  "refurbished_furniture:recipes/misc/constructing/cyan_sofa": {
    "criteria": {
      "has_planks": "2024-10-13 22:56:27 +0000"
    },
    "done": true
  },
  "minecraft:recipes/building_blocks/cobblestone_stairs_from_cobblestone_stonecutting": {
    "criteria": {
      "has_cobblestone": "2024-10-13 22:58:55 +0000"
    },
    "done": true
  },
  "refurbished_furniture:recipes/misc/constructing/yellow_cooler": {
    "criteria": {
      "has_planks": "2024-10-13 22:56:27 +0000"
    },
    "done": true
  },
  "minecraft:recipes/misc/wheat": {
    "criteria": {
      "has_hay_block": "2024-10-13 23:09:48 +0000"
    },
    "done": true
  },
  "minecraft:recipes/redstone/birch_pressure_plate": {
    "criteria": {
      "has_planks": "2024-10-13 22:56:27 +0000"
    },
    "done": true
  },
  "farmersdelight:recipes/decorations/cutting_board": {
    "criteria": {
      "has_stick": "2024-10-13 22:57:01 +0000"
    },
    "done": true
  },
  "refurbished_furniture:recipes/misc/constructing/light_gray_grill": {
    "criteria": {
      "has_iron_ingot": "2024-10-13 23:13:44 +0000"
    },
    "done": true
  },
  "refurbished_furniture:recipes/misc/constructing/yellow_grill": {
    "criteria": {
      "has_iron_ingot": "2024-10-13 23:13:44 +0000"
    },
    "done": true
  },
  "minecraft:husbandry/balanced_diet": {
    "criteria": {
      "cooked_beef": "2024-10-13 23:02:00 +0000",
      "bread": "2024-10-13 23:10:13 +0000"
    },
    "done": false
  },
  "refurbished_furniture:recipes/misc/constructing/black_stool": {
    "criteria": {
      "has_planks": "2024-10-13 22:56:27 +0000"
    },
    "done": true
  },
  "refurbished_furniture:recipes/misc/constructing/blue_cooler": {
    "criteria": {
      "has_planks": "2024-10-13 22:56:27 +0000"
    },
    "done": true
  },
  "doggytalents:recipes/decorations/locator_orb_ko": {
    "criteria": {
      "has_string": "2024-10-13 23:20:08 +0000"
    },
    "done": true
  },
  "refurbished_furniture:recipes/misc/constructing/warped_lattice_fence": {
    "criteria": {
      "has_stick": "2024-10-13 22:57:01 +0000"
    },
    "done": true
  },
  "minecraft:recipes/tools/stone_hoe": {
    "criteria": {
      "has_cobblestone": "2024-10-13 22:58:55 +0000"
    },
    "done": true
  },
  "refurbished_furniture:recipes/misc/constructing/dark_oak_light_ceiling_fan": {
    "criteria": {
      "has_iron_ingot": "2024-10-13 23:13:44 +0000"
    },
    "done": true
  },
  "refurbished_furniture:recipes/misc/constructing/orange_cooler": {
    "criteria": {
      "has_planks": "2024-10-13 22:56:27 +0000"
    },
    "done": true
  },
  "refurbished_furniture:recipes/misc/constructing/purple_trampoline": {
    "criteria": {
      "has_iron_ingot": "2024-10-13 23:13:44 +0000"
    },
    "done": true
  },
  "minecraft:recipes/decorations/loom": {
    "criteria": {
      "has_string": "2024-10-13 23:20:08 +0000"
    },
    "done": true
  },
  "refurbished_furniture:recipes/misc/constructing/birch_lattice_fence_gate": {
    "criteria": {
      "has_birch_planks": "2024-10-13 22:56:27 +0000"
    },
    "done": true
  },
  "refurbished_furniture:recipes/misc/constructing/cyan_lamp": {
    "criteria": {
      "has_planks": "2024-10-13 22:56:27 +0000"
    },
    "done": true
  },
  "more_slabs_stairs_and_walls:recipes/building_blocks/grass_block_stairs_from_grass_block_stonecutting": {
    "criteria": {
      "has_grass_block": "2024-10-13 23:17:46 +0000"
    },
    "done": true
  },
  "doggytalents:recipes/decorations/locator_orb_gi": {
    "criteria": {
      "has_string": "2024-10-13 23:20:08 +0000"
    },
    "done": true
  },
  "rechiseled:recipes/misc/chisel": {
    "criteria": {
      "recipe_condition": "2024-10-13 23:13:44 +0000"
    },
    "done": true
  },
  "refurbished_furniture:recipes/misc/constructing/gray_sofa": {
    "criteria": {
      "has_planks": "2024-10-13 22:56:27 +0000"
    },
    "done": true
  },
  "minecraft:story/root": {
    "criteria": {
      "crafting_table": "2024-10-13 22:57:03 +0000"
    },
    "done": true
  },
  "doggytalents:recipes/building_blocks/dog_bath": {
    "criteria": {
      "has_iron_ingot": "2024-10-13 23:13:44 +0000"
    },
    "done": true
  },
  "refurbished_furniture:recipes/misc/constructing/mangrove_storage_cabinet": {
    "criteria": {
      "has_iron_ingot": "2024-10-13 23:13:44 +0000"
    },
    "done": true
  },
  "doggytalents:recipes/building_blocks/food_bowl": {
    "criteria": {
      "has_iron_ingot": "2024-10-13 23:13:44 +0000"
    },
    "done": true
  },
  "refurbished_furniture:recipes/misc/constructing/purple_lamp": {
    "criteria": {
      "has_planks": "2024-10-13 22:56:27 +0000"
    },
    "done": true
  },
  "minecraft:recipes/redstone/iron_door": {
    "criteria": {
      "has_iron_ingot": "2024-10-13 23:13:44 +0000"
    },
    "done": true
  },
  "minecraft:recipes/transportation/dark_oak_boat": {
    "criteria": {
      "in_water": "2024-10-13 23:19:24 +0000"
    },
    "done": true
  },
  "moredelight:main/root": {
    "criteria": {
      "seeds": "2024-10-13 22:54:13 +0000"
    },
    "done": true
  },
  "more_slabs_stairs_and_walls:recipes/building_blocks/birch_log_slab": {
    "criteria": {
      "has_birch_log": "2024-10-13 22:56:06 +0000"
    },
    "done": true
  },
  "minecraft:recipes/food/cooked_beef_from_campfire_cooking": {
    "criteria": {
      "has_beef": "2024-10-13 23:00:14 +0000"
    },
    "done": true
  },
  "refurbished_furniture:recipes/misc/constructing/warped_toilet": {
    "criteria": {
      "has_iron_ingot": "2024-10-13 23:13:44 +0000"
    },
    "done": true
  },
  "refurbished_furniture:recipes/misc/constructing/pink_stool": {
    "criteria": {
      "has_planks": "2024-10-13 22:56:27 +0000"
    },
    "done": true
  },
  "DataVersion": 3465
}